case_id,program,config,activity,timestamp,seq,duration_ms,changed,ops_before,depth_before,gates_1q_before,gates_2q_before,gate_types_before,qubits_before,clbits_before,ops_after,depth_after,gates_1q_after,gates_2q_after,gate_types_after,qubits_after,clbits_after,d_ops,d_depth,d_gates_1q,d_gates_2q,mem_peak_kb
measure_only_L0,measure_only,level0,ContainsInstruction,2026-08-29T17:13:22.338089,0,0.0234,False,8,5,5,3,3,4,4,8,5,5,3,3,4,4,0,0,0,0,102.38
measure_only_L0,measure_only,level0,UnitarySynthesis,2026-08-29T17:13:22.338211,1,0.0134,False,8,5,5,3,3,4,4,8,5,5,3,3,4,4,0,0,0,0,-1
measure_only_L0,measure_only,level0,HighLevelSynthesis,2026-08-29T17:13:22.338290,2,0.011,False,8,5,5,3,3,4,4,8,5,5,3,3,4,4,0,0,0,0,-1
measure_only_L0,measure_only,level0,BasisTranslator,2026-08-29T17:13:22.338799,3,0.4375,False,8,5,5,3,3,4,4,8,5,5,3,3,4,4,0,0,0,0,-1
measure_only_L0,measure_only,level0,ContainsInstruction,2026-08-29T17:13:22.338884,4,0.011,False,8,5,5,3,3,4,4,8,5,5,3,3,4,4,0,0,0,0,-1
measure_only_L1,measure_only,level1,ContainsInstruction,2026-08-29T17:13:22.346904,0,0.0203,False,8,5,5,3,3,4,4,8,5,5,3,3,4,4,0,0,0,0,83.5
measure_only_L1,measure_only,level1,InverseCancellation,2026-08-29T17:13:22.347034,1,0.0215,False,8,5,5,3,3,4,4,8,5,5,3,3,4,4,0,0,0,0,-1
measure_only_L1,measure_only,level1,ContractIdleWiresInControlFlow,2026-08-29T17:13:22.347100,2,0.0072,False,8,5,5,3,3,4,4,8,5,5,3,3,4,4,0,0,0,0,-1
measure_only_L1,measure_only,level1,UnitarySynthesis,2026-08-29T17:13:22.347158,3,0.0098,False,8,5,5,3,3,4,4,8,5,5,3,3,4,4,0,0,0,0,-1
measure_only_L1,measure_only,level1,HighLevelSynthesis,2026-08-29T17:13:22.347217,4,0.0119,False,8,5,5,3,3,4,4,8,5,5,3,3,4,4,0,0,0,0,-1
measure_only_L1,measure_only,level1,BasisTranslator,2026-08-29T17:13:22.347421,5,0.1523,False,8,5,5,3,3,4,4,8,5,5,3,3,4,4,0,0,0,0,-1
measure_only_L1,measure_only,level1,Size,2026-08-29T17:13:22.347481,6,0.0076,False,8,5,5,3,3,4,4,8,5,5,3,3,4,4,0,0,0,0,-1
measure_only_L1,measure_only,level1,Depth,2026-08-29T17:13:22.347529,7,0.0057,False,8,5,5,3,3,4,4,8,5,5,3,3,4,4,0,0,0,0,-1
measure_only_L1,measure_only,level1,FixedPoint,2026-08-29T17:13:22.347600,8,0.0169,False,8,5,5,3,3,4,4,8,5,5,3,3,4,4,0,0,0,0,-1
measure_only_L1,measure_only,level1,FixedPoint,2026-08-29T17:13:22.347652,9,0.0079,False,8,5,5,3,3,4,4,8,5,5,3,3,4,4,0,0,0,0,-1
measure_only_L1,measure_only,level1,Optimize1qGatesDecomposition,2026-08-29T17:13:22.348808,10,1.0388,False,8,5,5,3,3,4,4,8,5,5,3,3,4,4,0,0,0,0,-1
measure_only_L1,measure_only,level1,InverseCancellation,2026-08-29T17:13:22.348926,11,0.0179,False,8,5,5,3,3,4,4,8,5,5,3,3,4,4,0,0,0,0,-1
measure_only_L1,measure_only,level1,ContractIdleWiresInControlFlow,2026-08-29T17:13:22.348983,12,0.0062,False,8,5,5,3,3,4,4,8,5,5,3,3,4,4,0,0,0,0,-1
measure_only_L1,measure_only,level1,GatesInBasis,2026-08-29T17:13:22.349067,13,0.0329,False,8,5,5,3,3,4,4,8,5,5,3,3,4,4,0,0,0,0,-1
measure_only_L1,measure_only,level1,Size,2026-08-29T17:13:22.349144,14,0.0072,False,8,5,5,3,3,4,4,8,5,5,3,3,4,4,0,0,0,0,-1
measure_only_L1,measure_only,level1,Depth,2026-08-29T17:13:22.349191,15,0.0062,False,8,5,5,3,3,4,4,8,5,5,3,3,4,4,0,0,0,0,-1
measure_only_L1,measure_only,level1,FixedPoint,2026-08-29T17:13:22.349248,16,0.0136,False,8,5,5,3,3,4,4,8,5,5,3,3,4,4,0,0,0,0,-1
measure_only_L1,measure_only,level1,FixedPoint,2026-08-29T17:13:22.349296,17,0.0069,False,8,5,5,3,3,4,4,8,5,5,3,3,4,4,0,0,0,0,-1
measure_only_L1,measure_only,level1,ContainsInstruction,2026-08-29T17:13:22.349359,18,0.0093,False,8,5,5,3,3,4,4,8,5,5,3,3,4,4,0,0,0,0,-1
measure_only_L2,measure_only,level2,ContainsInstruction,2026-08-29T17:13:22.359544,0,0.021,False,8,5,5,3,3,4,4,8,5,5,3,3,4,4,0,0,0,0,180.78
measure_only_L2,measure_only,level2,UnitarySynthesis,2026-08-29T17:13:22.359650,1,0.0122,False,8,5,5,3,3,4,4,8,5,5,3,3,4,4,0,0,0,0,-1
measure_only_L2,measure_only,level2,HighLevelSynthesis,2026-08-29T17:13:22.359712,2,0.0103,False,8,5,5,3,3,4,4,8,5,5,3,3,4,4,0,0,0,0,-1
measure_only_L2,measure_only,level2,BasisTranslator,2026-08-29T17:13:22.359787,3,0.0277,False,8,5,5,3,3,4,4,8,5,5,3,3,4,4,0,0,0,0,-1
measure_only_L2,measure_only,level2,ElidePermutations,2026-08-29T17:13:22.359851,4,0.0117,False,8,5,5,3,3,4,4,8,5,5,3,3,4,4,0,0,0,0,-1
measure_only_L2,measure_only,level2,RemoveDiagonalGatesBeforeMeasure,2026-08-29T17:13:22.359922,5,0.0236,False,8,5,5,3,3,4,4,8,5,5,3,3,4,4,0,0,0,0,-1
measure_only_L2,measure_only,level2,RemoveIdentityEquivalent,2026-08-29T17:13:22.359987,6,0.0198,False,8,5,5,3,3,4,4,8,5,5,3,3,4,4,0,0,0,0,-1
measure_only_L2,measure_only,level2,InverseCancellation,2026-08-29T17:13:22.360096,7,0.0184,False,8,5,5,3,3,4,4,8,5,5,3,3,4,4,0,0,0,0,-1
measure_only_L2,measure_only,level2,ContractIdleWiresInControlFlow,2026-08-29T17:13:22.360162,8,0.0067,False,8,5,5,3,3,4,4,8,5,5,3,3,4,4,0,0,0,0,-1
measure_only_L2,measure_only,level2,CommutativeCancellation,2026-08-29T17:13:22.360396,9,0.1636,False,8,5,5,3,3,4,4,8,5,5,3,3,4,4,0,0,0,0,-1
measure_only_L2,measure_only,level2,ConsolidateBlocks,2026-08-29T17:13:22.360655,10,0.1855,False,8,5,5,3,3,4,4,8,5,5,3,3,4,4,0,0,0,0,-1
measure_only_L2,measure_only,level2,Split2QUnitaries,2026-08-29T17:13:22.360728,11,0.0074,False,8,5,5,3,3,4,4,8,5,5,3,3,4,4,0,0,0,0,-1
measure_only_L2,measure_only,level2,UnitarySynthesis,2026-08-29T17:13:22.360783,12,0.0091,False,8,5,5,3,3,4,4,8,5,5,3,3,4,4,0,0,0,0,-1
measure_only_L2,measure_only,level2,HighLevelSynthesis,2026-08-29T17:13:22.360838,13,0.0091,False,8,5,5,3,3,4,4,8,5,5,3,3,4,4,0,0,0,0,-1
measure_only_L2,measure_only,level2,BasisTranslator,2026-08-29T17:13:22.361061,14,0.1688,False,8,5,5,3,3,4,4,8,5,5,3,3,4,4,0,0,0,0,-1
measure_only_L2,measure_only,level2,TwoQubitPeepholeOptimization,2026-08-29T17:13:22.361658,15,0.5074,False,8,5,5,3,3,4,4,8,5,5,3,3,4,4,0,0,0,0,-1
measure_only_L2,measure_only,level2,Size,2026-08-29T17:13:22.361770,16,0.0105,False,8,5,5,3,3,4,4,8,5,5,3,3,4,4,0,0,0,0,-1
measure_only_L2,measure_only,level2,Depth,2026-08-29T17:13:22.361832,17,0.0165,False,8,5,5,3,3,4,4,8,5,5,3,3,4,4,0,0,0,0,-1
measure_only_L2,measure_only,level2,FixedPoint,2026-08-29T17:13:22.361899,18,0.0241,False,8,5,5,3,3,4,4,8,5,5,3,3,4,4,0,0,0,0,-1
measure_only_L2,measure_only,level2,FixedPoint,2026-08-29T17:13:22.361947,19,0.0072,False,8,5,5,3,3,4,4,8,5,5,3,3,4,4,0,0,0,0,-1
measure_only_L2,measure_only,level2,RemoveIdentityEquivalent,2026-08-29T17:13:22.362046,20,0.0145,False,8,5,5,3,3,4,4,8,5,5,3,3,4,4,0,0,0,0,-1
measure_only_L2,measure_only,level2,Optimize1qGatesDecomposition,2026-08-29T17:13:22.362151,21,0.0412,False,8,5,5,3,3,4,4,8,5,5,3,3,4,4,0,0,0,0,-1
measure_only_L2,measure_only,level2,CommutativeCancellation,2026-08-29T17:13:22.362294,22,0.0813,False,8,5,5,3,3,4,4,8,5,5,3,3,4,4,0,0,0,0,-1
measure_only_L2,measure_only,level2,ContractIdleWiresInControlFlow,2026-08-29T17:13:22.362354,23,0.0067,False,8,5,5,3,3,4,4,8,5,5,3,3,4,4,0,0,0,0,-1
measure_only_L2,measure_only,level2,GatesInBasis,2026-08-29T17:13:22.362417,24,0.0105,False,8,5,5,3,3,4,4,8,5,5,3,3,4,4,0,0,0,0,-1
measure_only_L2,measure_only,level2,Size,2026-08-29T17:13:22.362471,25,0.0045,False,8,5,5,3,3,4,4,8,5,5,3,3,4,4,0,0,0,0,-1
measure_only_L2,measure_only,level2,Depth,2026-08-29T17:13:22.362516,26,0.006,False,8,5,5,3,3,4,4,8,5,5,3,3,4,4,0,0,0,0,-1
measure_only_L2,measure_only,level2,FixedPoint,2026-08-29T17:13:22.362569,27,0.0086,False,8,5,5,3,3,4,4,8,5,5,3,3,4,4,0,0,0,0,-1
measure_only_L2,measure_only,level2,FixedPoint,2026-08-29T17:13:22.362614,28,0.0064,False,8,5,5,3,3,4,4,8,5,5,3,3,4,4,0,0,0,0,-1
measure_only_L2,measure_only,level2,ContainsInstruction,2026-08-29T17:13:22.362669,29,0.0098,False,8,5,5,3,3,4,4,8,5,5,3,3,4,4,0,0,0,0,-1
measure_only_L3,measure_only,level3,ContainsInstruction,2026-08-29T17:13:22.371494,0,0.0191,False,8,5,5,3,3,4,4,8,5,5,3,3,4,4,0,0,0,0,67.01
measure_only_L3,measure_only,level3,UnitarySynthesis,2026-08-29T17:13:22.371603,1,0.0114,False,8,5,5,3,3,4,4,8,5,5,3,3,4,4,0,0,0,0,-1
measure_only_L3,measure_only,level3,HighLevelSynthesis,2026-08-29T17:13:22.371669,2,0.0091,False,8,5,5,3,3,4,4,8,5,5,3,3,4,4,0,0,0,0,-1
measure_only_L3,measure_only,level3,BasisTranslator,2026-08-29T17:13:22.371742,3,0.0238,False,8,5,5,3,3,4,4,8,5,5,3,3,4,4,0,0,0,0,-1
measure_only_L3,measure_only,level3,ElidePermutations,2026-08-29T17:13:22.371799,4,0.0103,False,8,5,5,3,3,4,4,8,5,5,3,3,4,4,0,0,0,0,-1
measure_only_L3,measure_only,level3,RemoveDiagonalGatesBeforeMeasure,2026-08-29T17:13:22.371855,5,0.01,False,8,5,5,3,3,4,4,8,5,5,3,3,4,4,0,0,0,0,-1
measure_only_L3,measure_only,level3,RemoveIdentityEquivalent,2026-08-29T17:13:22.371912,6,0.0114,False,8,5,5,3,3,4,4,8,5,5,3,3,4,4,0,0,0,0,-1
measure_only_L3,measure_only,level3,InverseCancellation,2026-08-29T17:13:22.371971,7,0.0143,False,8,5,5,3,3,4,4,8,5,5,3,3,4,4,0,0,0,0,-1
measure_only_L3,measure_only,level3,ContractIdleWiresInControlFlow,2026-08-29T17:13:22.372033,8,0.0055,False,8,5,5,3,3,4,4,8,5,5,3,3,4,4,0,0,0,0,-1
measure_only_L3,measure_only,level3,CommutativeCancellation,2026-08-29T17:13:22.372255,9,0.1581,False,8,5,5,3,3,4,4,8,5,5,3,3,4,4,0,0,0,0,-1
measure_only_L3,measure_only,level3,ConsolidateBlocks,2026-08-29T17:13:22.372413,10,0.0992,False,8,5,5,3,3,4,4,8,5,5,3,3,4,4,0,0,0,0,-1
measure_only_L3,measure_only,level3,Split2QUnitaries,2026-08-29T17:13:22.372479,11,0.006,False,8,5,5,3,3,4,4,8,5,5,3,3,4,4,0,0,0,0,-1
measure_only_L3,measure_only,level3,UnitarySynthesis,2026-08-29T17:13:22.372532,12,0.0076,False,8,5,5,3,3,4,4,8,5,5,3,3,4,4,0,0,0,0,-1
measure_only_L3,measure_only,level3,HighLevelSynthesis,2026-08-29T17:13:22.372584,13,0.0067,False,8,5,5,3,3,4,4,8,5,5,3,3,4,4,0,0,0,0,-1
measure_only_L3,measure_only,level3,BasisTranslator,2026-08-29T17:13:22.372774,14,0.1407,False,8,5,5,3,3,4,4,8,5,5,3,3,4,4,0,0,0,0,-1
measure_only_L3,measure_only,level3,Size,2026-08-29T17:13:22.372858,15,0.0067,False,8,5,5,3,3,4,4,8,5,5,3,3,4,4,0,0,0,0,-1
measure_only_L3,measure_only,level3,Depth,2026-08-29T17:13:22.372905,16,0.0062,False,8,5,5,3,3,4,4,8,5,5,3,3,4,4,0,0,0,0,-1
measure_only_L3,measure_only,level3,MinimumPoint,2026-08-29T17:13:22.373001,17,0.0513,False,8,5,5,3,3,4,4,8,5,5,3,3,4,4,0,0,0,0,-1
measure_only_L3,measure_only,level3,TwoQubitPeepholeOptimization,2026-08-29T17:13:22.373446,18,0.2859,False,8,5,5,3,3,4,4,8,5,5,3,3,4,4,0,0,0,0,-1
measure_only_L3,measure_only,level3,RemoveIdentityEquivalent,2026-08-29T17:13:22.373627,19,0.0191,False,8,5,5,3,3,4,4,8,5,5,3,3,4,4,0,0,0,0,-1
measure_only_L3,measure_only,level3,Optimize1qGatesDecomposition,2026-08-29T17:13:22.373714,20,0.031,False,8,5,5,3,3,4,4,8,5,5,3,3,4,4,0,0,0,0,-1
measure_only_L3,measure_only,level3,CommutativeCancellation,2026-08-29T17:13:22.373864,21,0.0882,False,8,5,5,3,3,4,4,8,5,5,3,3,4,4,0,0,0,0,-1
measure_only_L3,measure_only,level3,ContractIdleWiresInControlFlow,2026-08-29T17:13:22.373942,22,0.0067,False,8,5,5,3,3,4,4,8,5,5,3,3,4,4,0,0,0,0,-1
measure_only_L3,measure_only,level3,GatesInBasis,2026-08-29T17:13:22.374026,23,0.011,False,8,5,5,3,3,4,4,8,5,5,3,3,4,4,0,0,0,0,-1
measure_only_L3,measure_only,level3,Size,2026-08-29T17:13:22.374089,24,0.0067,False,8,5,5,3,3,4,4,8,5,5,3,3,4,4,0,0,0,0,-1
measure_only_L3,measure_only,level3,Depth,2026-08-29T17:13:22.374136,25,0.0055,False,8,5,5,3,3,4,4,8,5,5,3,3,4,4,0,0,0,0,-1
measure_only_L3,measure_only,level3,MinimumPoint,2026-08-29T17:13:22.374252,26,0.0699,False,8,5,5,3,3,4,4,8,5,5,3,3,4,4,0,0,0,0,-1
measure_only_L3,measure_only,level3,TwoQubitPeepholeOptimization,2026-08-29T17:13:22.374468,27,0.1302,False,8,5,5,3,3,4,4,8,5,5,3,3,4,4,0,0,0,0,-1
measure_only_L3,measure_only,level3,RemoveIdentityEquivalent,2026-08-29T17:13:22.374542,28,0.0095,False,8,5,5,3,3,4,4,8,5,5,3,3,4,4,0,0,0,0,-1
measure_only_L3,measure_only,level3,Optimize1qGatesDecomposition,2026-08-29T17:13:22.374632,29,0.0246,False,8,5,5,3,3,4,4,8,5,5,3,3,4,4,0,0,0,0,-1
measure_only_L3,measure_only,level3,CommutativeCancellation,2026-08-29T17:13:22.374744,30,0.0596,False,8,5,5,3,3,4,4,8,5,5,3,3,4,4,0,0,0,0,-1
measure_only_L3,measure_only,level3,ContractIdleWiresInControlFlow,2026-08-29T17:13:22.374797,31,0.0055,False,8,5,5,3,3,4,4,8,5,5,3,3,4,4,0,0,0,0,-1
measure_only_L3,measure_only,level3,GatesInBasis,2026-08-29T17:13:22.374849,32,0.0072,False,8,5,5,3,3,4,4,8,5,5,3,3,4,4,0,0,0,0,-1
measure_only_L3,measure_only,level3,Size,2026-08-29T17:13:22.374908,33,0.0057,False,8,5,5,3,3,4,4,8,5,5,3,3,4,4,0,0,0,0,-1
measure_only_L3,measure_only,level3,Depth,2026-08-29T17:13:22.374953,34,0.006,False,8,5,5,3,3,4,4,8,5,5,3,3,4,4,0,0,0,0,-1
measure_only_L3,measure_only,level3,MinimumPoint,2026-08-29T17:13:22.375004,35,0.0105,False,8,5,5,3,3,4,4,8,5,5,3,3,4,4,0,0,0,0,-1
measure_only_L3,measure_only,level3,ContainsInstruction,2026-08-29T17:13:22.375102,36,0.0107,False,8,5,5,3,3,4,4,8,5,5,3,3,4,4,0,0,0,0,-1
conditional_L0,conditional,level0,ContainsInstruction,2026-08-29T17:13:22.382257,0,0.0207,False,-1,-1,-1,-1,-1,-1,-1,-1,-1,-1,-1,-1,-1,-1,0,0,0,0,17.15
conditional_L0,conditional,level0,UnitarySynthesis,2026-08-29T17:13:22.382387,1,0.0165,False,-1,-1,-1,-1,-1,-1,-1,-1,-1,-1,-1,-1,-1,-1,0,0,0,0,-1
conditional_L0,conditional,level0,HighLevelSynthesis,2026-08-29T17:13:22.382535,2,0.0682,False,-1,-1,-1,-1,-1,-1,-1,-1,-1,-1,-1,-1,-1,-1,0,0,0,0,-1
conditional_L0,conditional,level0,BasisTranslator,2026-08-29T17:13:22.383065,3,0.4244,False,-1,-1,-1,-1,-1,-1,-1,-1,-1,-1,-1,-1,-1,-1,0,0,0,0,-1
conditional_L0,conditional,level0,ContainsInstruction,2026-08-29T17:13:22.383168,4,0.0167,False,-1,-1,-1,-1,-1,-1,-1,-1,-1,-1,-1,-1,-1,-1,0,0,0,0,-1
conditional_L1,conditional,level1,ContainsInstruction,2026-08-29T17:13:22.388540,0,0.0176,False,-1,-1,-1,-1,-1,-1,-1,-1,-1,-1,-1,-1,-1,-1,0,0,0,0,49.9
conditional_L1,conditional,level1,InverseCancellation,2026-08-29T17:13:22.388979,1,0.3331,False,-1,-1,-1,-1,-1,-1,-1,-1,-1,-1,-1,-1,-1,-1,0,0,0,0,-1
conditional_L1,conditional,level1,ContractIdleWiresInControlFlow,2026-08-29T17:13:22.389184,2,0.1082,False,-1,-1,-1,-1,-1,-1,-1,-1,-1,-1,-1,-1,-1,-1,0,0,0,0,-1
conditional_L1,conditional,level1,UnitarySynthesis,2026-08-29T17:13:22.389269,3,0.0141,False,-1,-1,-1,-1,-1,-1,-1,-1,-1,-1,-1,-1,-1,-1,0,0,0,0,-1
conditional_L1,conditional,level1,HighLevelSynthesis,2026-08-29T17:13:22.389388,4,0.0575,False,-1,-1,-1,-1,-1,-1,-1,-1,-1,-1,-1,-1,-1,-1,0,0,0,0,-1
conditional_L1,conditional,level1,BasisTranslator,2026-08-29T17:13:22.389687,5,0.2372,False,-1,-1,-1,-1,-1,-1,-1,-1,-1,-1,-1,-1,-1,-1,0,0,0,0,-1
conditional_L1,conditional,level1,Size,2026-08-29T17:13:22.389762,6,0.0083,False,-1,-1,-1,-1,-1,-1,-1,-1,-1,-1,-1,-1,-1,-1,0,0,0,0,-1
conditional_L1,conditional,level1,Depth,2026-08-29T17:13:22.389819,7,0.0105,False,-1,-1,-1,-1,-1,-1,-1,-1,-1,-1,-1,-1,-1,-1,0,0,0,0,-1
conditional_L1,conditional,level1,FixedPoint,2026-08-29T17:13:22.389892,8,0.0193,False,-1,-1,-1,-1,-1,-1,-1,-1,-1,-1,-1,-1,-1,-1,0,0,0,0,-1
conditional_L1,conditional,level1,FixedPoint,2026-08-29T17:13:22.389963,9,0.0098,False,-1,-1,-1,-1,-1,-1,-1,-1,-1,-1,-1,-1,-1,-1,0,0,0,0,-1
conditional_L1,conditional,level1,Optimize1qGatesDecomposition,2026-08-29T17:13:22.390450,10,0.3815,False,-1,-1,-1,-1,-1,-1,-1,-1,-1,-1,-1,-1,-1,-1,0,0,0,0,-1
conditional_L1,conditional,level1,InverseCancellation,2026-08-29T17:13:22.390670,11,0.1426,False,-1,-1,-1,-1,-1,-1,-1,-1,-1,-1,-1,-1,-1,-1,0,0,0,0,-1
conditional_L1,conditional,level1,ContractIdleWiresInControlFlow,2026-08-29T17:13:22.390835,12,0.0939,False,-1,-1,-1,-1,-1,-1,-1,-1,-1,-1,-1,-1,-1,-1,0,0,0,0,-1
conditional_L1,conditional,level1,GatesInBasis,2026-08-29T17:13:22.390911,13,0.0117,False,-1,-1,-1,-1,-1,-1,-1,-1,-1,-1,-1,-1,-1,-1,0,0,0,0,-1
conditional_L1,conditional,level1,Size,2026-08-29T17:13:22.390981,14,0.0081,False,-1,-1,-1,-1,-1,-1,-1,-1,-1,-1,-1,-1,-1,-1,0,0,0,0,-1
conditional_L1,conditional,level1,Depth,2026-08-29T17:13:22.391063,15,0.0253,False,-1,-1,-1,-1,-1,-1,-1,-1,-1,-1,-1,-1,-1,-1,0,0,0,0,-1
conditional_L1,conditional,level1,FixedPoint,2026-08-29T17:13:22.391135,16,0.0157,False,-1,-1,-1,-1,-1,-1,-1,-1,-1,-1,-1,-1,-1,-1,0,0,0,0,-1
conditional_L1,conditional,level1,FixedPoint,2026-08-29T17:13:22.391188,17,0.0072,False,-1,-1,-1,-1,-1,-1,-1,-1,-1,-1,-1,-1,-1,-1,0,0,0,0,-1
conditional_L1,conditional,level1,ContainsInstruction,2026-08-29T17:13:22.391267,18,0.0131,False,-1,-1,-1,-1,-1,-1,-1,-1,-1,-1,-1,-1,-1,-1,0,0,0,0,-1
conditional_L2,conditional,level2,ContainsInstruction,2026-08-29T17:13:22.399858,0,0.0191,False,-1,-1,-1,-1,-1,-1,-1,-1,-1,-1,-1,-1,-1,-1,0,0,0,0,72.1
conditional_L2,conditional,level2,UnitarySynthesis,2026-08-29T17:13:22.399974,1,0.0145,False,-1,-1,-1,-1,-1,-1,-1,-1,-1,-1,-1,-1,-1,-1,0,0,0,0,-1
conditional_L2,conditional,level2,HighLevelSynthesis,2026-08-29T17:13:22.400055,2,0.0236,False,-1,-1,-1,-1,-1,-1,-1,-1,-1,-1,-1,-1,-1,-1,0,0,0,0,-1
conditional_L2,conditional,level2,BasisTranslator,2026-08-29T17:13:22.400146,3,0.0262,False,-1,-1,-1,-1,-1,-1,-1,-1,-1,-1,-1,-1,-1,-1,0,0,0,0,-1
conditional_L2,conditional,level2,ElidePermutations,2026-08-29T17:13:22.400217,4,0.01,False,-1,-1,-1,-1,-1,-1,-1,-1,-1,-1,-1,-1,-1,-1,0,0,0,0,-1
conditional_L2,conditional,level2,RemoveDiagonalGatesBeforeMeasure,2026-08-29T17:13:22.400546,5,0.2675,False,-1,-1,-1,-1,-1,-1,-1,-1,-1,-1,-1,-1,-1,-1,0,0,0,0,-1
conditional_L2,conditional,level2,RemoveIdentityEquivalent,2026-08-29T17:13:22.400625,6,0.0122,False,-1,-1,-1,-1,-1,-1,-1,-1,-1,-1,-1,-1,-1,-1,0,0,0,0,-1
conditional_L2,conditional,level2,InverseCancellation,2026-08-29T17:13:22.400847,7,0.1645,False,-1,-1,-1,-1,-1,-1,-1,-1,-1,-1,-1,-1,-1,-1,0,0,0,0,-1
conditional_L2,conditional,level2,ContractIdleWiresInControlFlow,2026-08-29T17:13:22.401000,8,0.0935,False,-1,-1,-1,-1,-1,-1,-1,-1,-1,-1,-1,-1,-1,-1,0,0,0,0,-1
conditional_L2,conditional,level2,CommutativeCancellation,2026-08-29T17:13:22.401334,9,0.2522,False,-1,-1,-1,-1,-1,-1,-1,-1,-1,-1,-1,-1,-1,-1,0,0,0,0,-1
conditional_L2,conditional,level2,ConsolidateBlocks,2026-08-29T17:13:22.401868,10,0.4535,False,-1,-1,-1,-1,-1,-1,-1,-1,-1,-1,-1,-1,-1,-1,0,0,0,0,-1
conditional_L2,conditional,level2,Split2QUnitaries,2026-08-29T17:13:22.401962,11,0.0086,False,-1,-1,-1,-1,-1,-1,-1,-1,-1,-1,-1,-1,-1,-1,0,0,0,0,-1
conditional_L2,conditional,level2,UnitarySynthesis,2026-08-29T17:13:22.402050,12,0.0138,False,-1,-1,-1,-1,-1,-1,-1,-1,-1,-1,-1,-1,-1,-1,0,0,0,0,-1
conditional_L2,conditional,level2,HighLevelSynthesis,2026-08-29T17:13:22.402179,13,0.0689,False,-1,-1,-1,-1,-1,-1,-1,-1,-1,-1,-1,-1,-1,-1,0,0,0,0,-1
conditional_L2,conditional,level2,BasisTranslator,2026-08-29T17:13:22.402458,14,0.2103,False,-1,-1,-1,-1,-1,-1,-1,-1,-1,-1,-1,-1,-1,-1,0,0,0,0,-1
conditional_L2,conditional,level2,TwoQubitPeepholeOptimization,2026-08-29T17:13:22.402772,15,0.2363,False,-1,-1,-1,-1,-1,-1,-1,-1,-1,-1,-1,-1,-1,-1,0,0,0,0,-1
conditional_L2,conditional,level2,Size,2026-08-29T17:13:22.402853,16,0.0095,False,-1,-1,-1,-1,-1,-1,-1,-1,-1,-1,-1,-1,-1,-1,0,0,0,0,-1
conditional_L2,conditional,level2,Depth,2026-08-29T17:13:22.402917,17,0.0091,False,-1,-1,-1,-1,-1,-1,-1,-1,-1,-1,-1,-1,-1,-1,0,0,0,0,-1
conditional_L2,conditional,level2,FixedPoint,2026-08-29T17:13:22.402990,18,0.0191,False,-1,-1,-1,-1,-1,-1,-1,-1,-1,-1,-1,-1,-1,-1,0,0,0,0,-1
conditional_L2,conditional,level2,FixedPoint,2026-08-29T17:13:22.403059,19,0.0217,False,-1,-1,-1,-1,-1,-1,-1,-1,-1,-1,-1,-1,-1,-1,0,0,0,0,-1
conditional_L2,conditional,level2,RemoveIdentityEquivalent,2026-08-29T17:13:22.403152,20,0.0141,False,-1,-1,-1,-1,-1,-1,-1,-1,-1,-1,-1,-1,-1,-1,0,0,0,0,-1
conditional_L2,conditional,level2,Optimize1qGatesDecomposition,2026-08-29T17:13:22.403437,21,0.2165,False,-1,-1,-1,-1,-1,-1,-1,-1,-1,-1,-1,-1,-1,-1,0,0,0,0,-1
conditional_L2,conditional,level2,CommutativeCancellation,2026-08-29T17:13:22.403779,22,0.2513,False,-1,-1,-1,-1,-1,-1,-1,-1,-1,-1,-1,-1,-1,-1,0,0,0,0,-1
conditional_L2,conditional,level2,ContractIdleWiresInControlFlow,2026-08-29T17:13:22.403961,23,0.1118,False,-1,-1,-1,-1,-1,-1,-1,-1,-1,-1,-1,-1,-1,-1,0,0,0,0,-1
conditional_L2,conditional,level2,GatesInBasis,2026-08-29T17:13:22.404050,24,0.0126,False,-1,-1,-1,-1,-1,-1,-1,-1,-1,-1,-1,-1,-1,-1,0,0,0,0,-1
conditional_L2,conditional,level2,Size,2026-08-29T17:13:22.404122,25,0.0079,False,-1,-1,-1,-1,-1,-1,-1,-1,-1,-1,-1,-1,-1,-1,0,0,0,0,-1
conditional_L2,conditional,level2,Depth,2026-08-29T17:13:22.404177,26,0.0105,False,-1,-1,-1,-1,-1,-1,-1,-1,-1,-1,-1,-1,-1,-1,0,0,0,0,-1
conditional_L2,conditional,level2,FixedPoint,2026-08-29T17:13:22.404255,27,0.0145,False,-1,-1,-1,-1,-1,-1,-1,-1,-1,-1,-1,-1,-1,-1,0,0,0,0,-1
conditional_L2,conditional,level2,FixedPoint,2026-08-29T17:13:22.404307,28,0.0076,False,-1,-1,-1,-1,-1,-1,-1,-1,-1,-1,-1,-1,-1,-1,0,0,0,0,-1
conditional_L2,conditional,level2,ContainsInstruction,2026-08-29T17:13:22.404380,29,0.0129,False,-1,-1,-1,-1,-1,-1,-1,-1,-1,-1,-1,-1,-1,-1,0,0,0,0,-1
conditional_L3,conditional,level3,ContainsInstruction,2026-08-29T17:13:22.413185,0,0.0196,False,-1,-1,-1,-1,-1,-1,-1,-1,-1,-1,-1,-1,-1,-1,0,0,0,0,86.52
conditional_L3,conditional,level3,UnitarySynthesis,2026-08-29T17:13:22.413308,1,0.0167,False,-1,-1,-1,-1,-1,-1,-1,-1,-1,-1,-1,-1,-1,-1,0,0,0,0,-1
conditional_L3,conditional,level3,HighLevelSynthesis,2026-08-29T17:13:22.413384,2,0.0105,False,-1,-1,-1,-1,-1,-1,-1,-1,-1,-1,-1,-1,-1,-1,0,0,0,0,-1
conditional_L3,conditional,level3,BasisTranslator,2026-08-29T17:13:22.413473,3,0.0274,False,-1,-1,-1,-1,-1,-1,-1,-1,-1,-1,-1,-1,-1,-1,0,0,0,0,-1
conditional_L3,conditional,level3,ElidePermutations,2026-08-29T17:13:22.413547,4,0.01,False,-1,-1,-1,-1,-1,-1,-1,-1,-1,-1,-1,-1,-1,-1,0,0,0,0,-1
conditional_L3,conditional,level3,RemoveDiagonalGatesBeforeMeasure,2026-08-29T17:13:22.413872,5,0.2594,False,-1,-1,-1,-1,-1,-1,-1,-1,-1,-1,-1,-1,-1,-1,0,0,0,0,-1
conditional_L3,conditional,level3,RemoveIdentityEquivalent,2026-08-29T17:13:22.413963,6,0.0126,False,-1,-1,-1,-1,-1,-1,-1,-1,-1,-1,-1,-1,-1,-1,0,0,0,0,-1
conditional_L3,conditional,level3,InverseCancellation,2026-08-29T17:13:22.414177,7,0.1559,False,-1,-1,-1,-1,-1,-1,-1,-1,-1,-1,-1,-1,-1,-1,0,0,0,0,-1
conditional_L3,conditional,level3,ContractIdleWiresInControlFlow,2026-08-29T17:13:22.414335,8,0.0966,False,-1,-1,-1,-1,-1,-1,-1,-1,-1,-1,-1,-1,-1,-1,0,0,0,0,-1
conditional_L3,conditional,level3,CommutativeCancellation,2026-08-29T17:13:22.414731,9,0.3057,False,-1,-1,-1,-1,-1,-1,-1,-1,-1,-1,-1,-1,-1,-1,0,0,0,0,-1
conditional_L3,conditional,level3,ConsolidateBlocks,2026-08-29T17:13:22.415305,10,0.4826,False,-1,-1,-1,-1,-1,-1,-1,-1,-1,-1,-1,-1,-1,-1,0,0,0,0,-1
conditional_L3,conditional,level3,Split2QUnitaries,2026-08-29T17:13:22.415389,11,0.0076,False,-1,-1,-1,-1,-1,-1,-1,-1,-1,-1,-1,-1,-1,-1,0,0,0,0,-1
conditional_L3,conditional,level3,UnitarySynthesis,2026-08-29T17:13:22.415454,12,0.0138,False,-1,-1,-1,-1,-1,-1,-1,-1,-1,-1,-1,-1,-1,-1,0,0,0,0,-1
conditional_L3,conditional,level3,HighLevelSynthesis,2026-08-29T17:13:22.415570,13,0.0606,False,-1,-1,-1,-1,-1,-1,-1,-1,-1,-1,-1,-1,-1,-1,0,0,0,0,-1
conditional_L3,conditional,level3,BasisTranslator,2026-08-29T17:13:22.415867,14,0.2253,False,-1,-1,-1,-1,-1,-1,-1,-1,-1,-1,-1,-1,-1,-1,0,0,0,0,-1
conditional_L3,conditional,level3,Size,2026-08-29T17:13:22.415947,15,0.0093,False,-1,-1,-1,-1,-1,-1,-1,-1,-1,-1,-1,-1,-1,-1,0,0,0,0,-1
conditional_L3,conditional,level3,Depth,2026-08-29T17:13:22.416031,16,0.0105,False,-1,-1,-1,-1,-1,-1,-1,-1,-1,-1,-1,-1,-1,-1,0,0,0,0,-1
conditional_L3,conditional,level3,MinimumPoint,2026-08-29T17:13:22.416104,17,0.0217,False,-1,-1,-1,-1,-1,-1,-1,-1,-1,-1,-1,-1,-1,-1,0,0,0,0,-1
conditional_L3,conditional,level3,TwoQubitPeepholeOptimization,2026-08-29T17:13:22.416470,18,0.2766,False,-1,-1,-1,-1,-1,-1,-1,-1,-1,-1,-1,-1,-1,-1,0,0,0,0,-1
conditional_L3,conditional,level3,RemoveIdentityEquivalent,2026-08-29T17:13:22.416554,19,0.0138,False,-1,-1,-1,-1,-1,-1,-1,-1,-1,-1,-1,-1,-1,-1,0,0,0,0,-1
conditional_L3,conditional,level3,Optimize1qGatesDecomposition,2026-08-29T17:13:22.416822,20,0.1848,False,-1,-1,-1,-1,-1,-1,-1,-1,-1,-1,-1,-1,-1,-1,0,0,0,0,-1
conditional_L3,conditional,level3,CommutativeCancellation,2026-08-29T17:13:22.417096,21,0.2065,False,-1,-1,-1,-1,-1,-1,-1,-1,-1,-1,-1,-1,-1,-1,0,0,0,0,-1
conditional_L3,conditional,level3,ContractIdleWiresInControlFlow,2026-08-29T17:13:22.417276,22,0.1042,False,-1,-1,-1,-1,-1,-1,-1,-1,-1,-1,-1,-1,-1,-1,0,0,0,0,-1
conditional_L3,conditional,level3,GatesInBasis,2026-08-29T17:13:22.417346,23,0.0134,False,-1,-1,-1,-1,-1,-1,-1,-1,-1,-1,-1,-1,-1,-1,0,0,0,0,-1
conditional_L3,conditional,level3,Size,2026-08-29T17:13:22.417417,24,0.0083,False,-1,-1,-1,-1,-1,-1,-1,-1,-1,-1,-1,-1,-1,-1,0,0,0,0,-1
conditional_L3,conditional,level3,Depth,2026-08-29T17:13:22.417471,25,0.0095,False,-1,-1,-1,-1,-1,-1,-1,-1,-1,-1,-1,-1,-1,-1,0,0,0,0,-1
conditional_L3,conditional,level3,MinimumPoint,2026-08-29T17:13:22.417580,26,0.0544,False,-1,-1,-1,-1,-1,-1,-1,-1,-1,-1,-1,-1,-1,-1,0,0,0,0,-1
conditional_L3,conditional,level3,TwoQubitPeepholeOptimization,2026-08-29T17:13:22.417814,27,0.1569,False,-1,-1,-1,-1,-1,-1,-1,-1,-1,-1,-1,-1,-1,-1,0,0,0,0,-1
conditional_L3,conditional,level3,RemoveIdentityEquivalent,2026-08-29T17:13:22.417894,28,0.01,False,-1,-1,-1,-1,-1,-1,-1,-1,-1,-1,-1,-1,-1,-1,0,0,0,0,-1
conditional_L3,conditional,level3,Optimize1qGatesDecomposition,2026-08-29T17:13:22.418134,29,0.1802,False,-1,-1,-1,-1,-1,-1,-1,-1,-1,-1,-1,-1,-1,-1,0,0,0,0,-1
conditional_L3,conditional,level3,CommutativeCancellation,2026-08-29T17:13:22.418420,30,0.1919,False,-1,-1,-1,-1,-1,-1,-1,-1,-1,-1,-1,-1,-1,-1,0,0,0,0,-1
conditional_L3,conditional,level3,ContractIdleWiresInControlFlow,2026-08-29T17:13:22.418608,31,0.1044,False,-1,-1,-1,-1,-1,-1,-1,-1,-1,-1,-1,-1,-1,-1,0,0,0,0,-1
conditional_L3,conditional,level3,GatesInBasis,2026-08-29T17:13:22.418676,32,0.011,False,-1,-1,-1,-1,-1,-1,-1,-1,-1,-1,-1,-1,-1,-1,0,0,0,0,-1
conditional_L3,conditional,level3,Size,2026-08-29T17:13:22.418746,33,0.0088,False,-1,-1,-1,-1,-1,-1,-1,-1,-1,-1,-1,-1,-1,-1,0,0,0,0,-1
conditional_L3,conditional,level3,Depth,2026-08-29T17:13:22.418817,34,0.0103,False,-1,-1,-1,-1,-1,-1,-1,-1,-1,-1,-1,-1,-1,-1,0,0,0,0,-1
conditional_L3,conditional,level3,MinimumPoint,2026-08-29T17:13:22.418884,35,0.0114,False,-1,-1,-1,-1,-1,-1,-1,-1,-1,-1,-1,-1,-1,-1,0,0,0,0,-1
conditional_L3,conditional,level3,ContainsInstruction,2026-08-29T17:13:22.418973,36,0.0134,False,-1,-1,-1,-1,-1,-1,-1,-1,-1,-1,-1,-1,-1,-1,0,0,0,0,-1
feedforward_L0,feedforward,level0,ContainsInstruction,2026-08-29T17:13:22.423306,0,0.0207,False,-1,-1,-1,-1,-1,-1,-1,-1,-1,-1,-1,-1,-1,-1,0,0,0,0,14.93
feedforward_L0,feedforward,level0,UnitarySynthesis,2026-08-29T17:13:22.423438,1,0.0169,False,-1,-1,-1,-1,-1,-1,-1,-1,-1,-1,-1,-1,-1,-1,0,0,0,0,-1
feedforward_L0,feedforward,level0,HighLevelSynthesis,2026-08-29T17:13:22.423596,2,0.072,False,-1,-1,-1,-1,-1,-1,-1,-1,-1,-1,-1,-1,-1,-1,0,0,0,0,-1
feedforward_L0,feedforward,level0,BasisTranslator,2026-08-29T17:13:22.423912,3,0.2437,False,-1,-1,-1,-1,-1,-1,-1,-1,-1,-1,-1,-1,-1,-1,0,0,0,0,-1
feedforward_L0,feedforward,level0,ContainsInstruction,2026-08-29T17:13:22.423993,4,0.0124,False,-1,-1,-1,-1,-1,-1,-1,-1,-1,-1,-1,-1,-1,-1,0,0,0,0,-1
feedforward_L1,feedforward,level1,ContainsInstruction,2026-08-29T17:13:22.429640,0,0.0212,False,-1,-1,-1,-1,-1,-1,-1,-1,-1,-1,-1,-1,-1,-1,0,0,0,0,57.22
feedforward_L1,feedforward,level1,InverseCancellation,2026-08-29T17:13:22.430235,1,0.4637,False,-1,-1,-1,-1,-1,-1,-1,-1,-1,-1,-1,-1,-1,-1,0,0,0,0,-1
feedforward_L1,feedforward,level1,ContractIdleWiresInControlFlow,2026-08-29T17:13:22.430472,2,0.1481,False,-1,-1,-1,-1,-1,-1,-1,-1,-1,-1,-1,-1,-1,-1,0,0,0,0,-1
feedforward_L1,feedforward,level1,UnitarySynthesis,2026-08-29T17:13:22.430560,3,0.0143,False,-1,-1,-1,-1,-1,-1,-1,-1,-1,-1,-1,-1,-1,-1,0,0,0,0,-1
feedforward_L1,feedforward,level1,HighLevelSynthesis,2026-08-29T17:13:22.430709,4,0.0792,False,-1,-1,-1,-1,-1,-1,-1,-1,-1,-1,-1,-1,-1,-1,0,0,0,0,-1
feedforward_L1,feedforward,level1,BasisTranslator,2026-08-29T17:13:22.431026,5,0.2327,False,-1,-1,-1,-1,-1,-1,-1,-1,-1,-1,-1,-1,-1,-1,0,0,0,0,-1
feedforward_L1,feedforward,level1,Size,2026-08-29T17:13:22.431118,6,0.0088,False,-1,-1,-1,-1,-1,-1,-1,-1,-1,-1,-1,-1,-1,-1,0,0,0,0,-1
feedforward_L1,feedforward,level1,Depth,2026-08-29T17:13:22.431185,7,0.0107,False,-1,-1,-1,-1,-1,-1,-1,-1,-1,-1,-1,-1,-1,-1,0,0,0,0,-1
feedforward_L1,feedforward,level1,FixedPoint,2026-08-29T17:13:22.431262,8,0.0153,False,-1,-1,-1,-1,-1,-1,-1,-1,-1,-1,-1,-1,-1,-1,0,0,0,0,-1
feedforward_L1,feedforward,level1,FixedPoint,2026-08-29T17:13:22.431327,9,0.0076,False,-1,-1,-1,-1,-1,-1,-1,-1,-1,-1,-1,-1,-1,-1,0,0,0,0,-1
feedforward_L1,feedforward,level1,Optimize1qGatesDecomposition,2026-08-29T17:13:22.431983,10,0.5295,False,-1,-1,-1,-1,-1,-1,-1,-1,-1,-1,-1,-1,-1,-1,0,0,0,0,-1
feedforward_L1,feedforward,level1,InverseCancellation,2026-08-29T17:13:22.432344,11,0.2558,False,-1,-1,-1,-1,-1,-1,-1,-1,-1,-1,-1,-1,-1,-1,0,0,0,0,-1
feedforward_L1,feedforward,level1,ContractIdleWiresInControlFlow,2026-08-29T17:13:22.432579,12,0.145,False,-1,-1,-1,-1,-1,-1,-1,-1,-1,-1,-1,-1,-1,-1,0,0,0,0,-1
feedforward_L1,feedforward,level1,GatesInBasis,2026-08-29T17:13:22.432661,13,0.0117,False,-1,-1,-1,-1,-1,-1,-1,-1,-1,-1,-1,-1,-1,-1,0,0,0,0,-1
feedforward_L1,feedforward,level1,Size,2026-08-29T17:13:22.432739,14,0.0076,False,-1,-1,-1,-1,-1,-1,-1,-1,-1,-1,-1,-1,-1,-1,0,0,0,0,-1
feedforward_L1,feedforward,level1,Depth,2026-08-29T17:13:22.432809,15,0.0114,False,-1,-1,-1,-1,-1,-1,-1,-1,-1,-1,-1,-1,-1,-1,0,0,0,0,-1
feedforward_L1,feedforward,level1,FixedPoint,2026-08-29T17:13:22.432882,16,0.015,False,-1,-1,-1,-1,-1,-1,-1,-1,-1,-1,-1,-1,-1,-1,0,0,0,0,-1
feedforward_L1,feedforward,level1,FixedPoint,2026-08-29T17:13:22.432947,17,0.0069,False,-1,-1,-1,-1,-1,-1,-1,-1,-1,-1,-1,-1,-1,-1,0,0,0,0,-1
feedforward_L1,feedforward,level1,ContainsInstruction,2026-08-29T17:13:22.433034,18,0.0124,False,-1,-1,-1,-1,-1,-1,-1,-1,-1,-1,-1,-1,-1,-1,0,0,0,0,-1
feedforward_L2,feedforward,level2,ContainsInstruction,2026-08-29T17:13:22.441226,0,0.021,False,-1,-1,-1,-1,-1,-1,-1,-1,-1,-1,-1,-1,-1,-1,0,0,0,0,90.92
feedforward_L2,feedforward,level2,UnitarySynthesis,2026-08-29T17:13:22.441351,1,0.0165,False,-1,-1,-1,-1,-1,-1,-1,-1,-1,-1,-1,-1,-1,-1,0,0,0,0,-1
feedforward_L2,feedforward,level2,HighLevelSynthesis,2026-08-29T17:13:22.441434,2,0.0117,False,-1,-1,-1,-1,-1,-1,-1,-1,-1,-1,-1,-1,-1,-1,0,0,0,0,-1
feedforward_L2,feedforward,level2,BasisTranslator,2026-08-29T17:13:22.441522,3,0.0262,False,-1,-1,-1,-1,-1,-1,-1,-1,-1,-1,-1,-1,-1,-1,0,0,0,0,-1
feedforward_L2,feedforward,level2,ElidePermutations,2026-08-29T17:13:22.441599,4,0.0105,False,-1,-1,-1,-1,-1,-1,-1,-1,-1,-1,-1,-1,-1,-1,0,0,0,0,-1
feedforward_L2,feedforward,level2,RemoveDiagonalGatesBeforeMeasure,2026-08-29T17:13:22.442113,5,0.437,False,-1,-1,-1,-1,-1,-1,-1,-1,-1,-1,-1,-1,-1,-1,0,0,0,0,-1
feedforward_L2,feedforward,level2,RemoveIdentityEquivalent,2026-08-29T17:13:22.442212,6,0.0134,False,-1,-1,-1,-1,-1,-1,-1,-1,-1,-1,-1,-1,-1,-1,0,0,0,0,-1
feedforward_L2,feedforward,level2,InverseCancellation,2026-08-29T17:13:22.442526,7,0.2441,False,-1,-1,-1,-1,-1,-1,-1,-1,-1,-1,-1,-1,-1,-1,0,0,0,0,-1
feedforward_L2,feedforward,level2,ContractIdleWiresInControlFlow,2026-08-29T17:13:22.442732,8,0.1285,False,-1,-1,-1,-1,-1,-1,-1,-1,-1,-1,-1,-1,-1,-1,0,0,0,0,-1
feedforward_L2,feedforward,level2,CommutativeCancellation,2026-08-29T17:13:22.443146,9,0.3381,False,-1,-1,-1,-1,-1,-1,-1,-1,-1,-1,-1,-1,-1,-1,0,0,0,0,-1
feedforward_L2,feedforward,level2,ConsolidateBlocks,2026-08-29T17:13:22.443876,10,0.6537,False,-1,-1,-1,-1,-1,-1,-1,-1,-1,-1,-1,-1,-1,-1,0,0,0,0,-1
feedforward_L2,feedforward,level2,Split2QUnitaries,2026-08-29T17:13:22.443957,11,0.0074,False,-1,-1,-1,-1,-1,-1,-1,-1,-1,-1,-1,-1,-1,-1,0,0,0,0,-1
feedforward_L2,feedforward,level2,UnitarySynthesis,2026-08-29T17:13:22.444070,12,0.031,False,-1,-1,-1,-1,-1,-1,-1,-1,-1,-1,-1,-1,-1,-1,0,0,0,0,-1
feedforward_L2,feedforward,level2,HighLevelSynthesis,2026-08-29T17:13:22.444211,13,0.0706,False,-1,-1,-1,-1,-1,-1,-1,-1,-1,-1,-1,-1,-1,-1,0,0,0,0,-1
feedforward_L2,feedforward,level2,BasisTranslator,2026-08-29T17:13:22.444516,14,0.2344,False,-1,-1,-1,-1,-1,-1,-1,-1,-1,-1,-1,-1,-1,-1,0,0,0,0,-1
feedforward_L2,feedforward,level2,TwoQubitPeepholeOptimization,2026-08-29T17:13:22.445049,15,0.427,False,-1,-1,-1,-1,-1,-1,-1,-1,-1,-1,-1,-1,-1,-1,0,0,0,0,-1
feedforward_L2,feedforward,level2,Size,2026-08-29T17:13:22.445135,16,0.0107,False,-1,-1,-1,-1,-1,-1,-1,-1,-1,-1,-1,-1,-1,-1,0,0,0,0,-1
feedforward_L2,feedforward,level2,Depth,2026-08-29T17:13:22.445216,17,0.0103,False,-1,-1,-1,-1,-1,-1,-1,-1,-1,-1,-1,-1,-1,-1,0,0,0,0,-1
feedforward_L2,feedforward,level2,FixedPoint,2026-08-29T17:13:22.445295,18,0.0181,False,-1,-1,-1,-1,-1,-1,-1,-1,-1,-1,-1,-1,-1,-1,0,0,0,0,-1
feedforward_L2,feedforward,level2,FixedPoint,2026-08-29T17:13:22.445368,19,0.0076,False,-1,-1,-1,-1,-1,-1,-1,-1,-1,-1,-1,-1,-1,-1,0,0,0,0,-1
feedforward_L2,feedforward,level2,RemoveIdentityEquivalent,2026-08-29T17:13:22.445454,20,0.0131,False,-1,-1,-1,-1,-1,-1,-1,-1,-1,-1,-1,-1,-1,-1,0,0,0,0,-1
feedforward_L2,feedforward,level2,Optimize1qGatesDecomposition,2026-08-29T17:13:22.445886,21,0.3436,False,-1,-1,-1,-1,-1,-1,-1,-1,-1,-1,-1,-1,-1,-1,0,0,0,0,-1
feedforward_L2,feedforward,level2,CommutativeCancellation,2026-08-29T17:13:22.446273,22,0.3088,False,-1,-1,-1,-1,-1,-1,-1,-1,-1,-1,-1,-1,-1,-1,0,0,0,0,-1
feedforward_L2,feedforward,level2,ContractIdleWiresInControlFlow,2026-08-29T17:13:22.446494,23,0.1476,False,-1,-1,-1,-1,-1,-1,-1,-1,-1,-1,-1,-1,-1,-1,0,0,0,0,-1
feedforward_L2,feedforward,level2,GatesInBasis,2026-08-29T17:13:22.446579,24,0.0119,False,-1,-1,-1,-1,-1,-1,-1,-1,-1,-1,-1,-1,-1,-1,0,0,0,0,-1
feedforward_L2,feedforward,level2,Size,2026-08-29T17:13:22.446661,25,0.0076,False,-1,-1,-1,-1,-1,-1,-1,-1,-1,-1,-1,-1,-1,-1,0,0,0,0,-1
feedforward_L2,feedforward,level2,Depth,2026-08-29T17:13:22.446730,26,0.0095,False,-1,-1,-1,-1,-1,-1,-1,-1,-1,-1,-1,-1,-1,-1,0,0,0,0,-1
feedforward_L2,feedforward,level2,FixedPoint,2026-08-29T17:13:22.446807,27,0.0122,False,-1,-1,-1,-1,-1,-1,-1,-1,-1,-1,-1,-1,-1,-1,0,0,0,0,-1
feedforward_L2,feedforward,level2,FixedPoint,2026-08-29T17:13:22.446872,28,0.0072,False,-1,-1,-1,-1,-1,-1,-1,-1,-1,-1,-1,-1,-1,-1,0,0,0,0,-1
feedforward_L2,feedforward,level2,ContainsInstruction,2026-08-29T17:13:22.446952,29,0.0136,False,-1,-1,-1,-1,-1,-1,-1,-1,-1,-1,-1,-1,-1,-1,0,0,0,0,-1
feedforward_L3,feedforward,level3,ContainsInstruction,2026-08-29T17:13:22.455377,0,0.0203,False,-1,-1,-1,-1,-1,-1,-1,-1,-1,-1,-1,-1,-1,-1,0,0,0,0,113.23
feedforward_L3,feedforward,level3,UnitarySynthesis,2026-08-29T17:13:22.455505,1,0.0167,False,-1,-1,-1,-1,-1,-1,-1,-1,-1,-1,-1,-1,-1,-1,0,0,0,0,-1
feedforward_L3,feedforward,level3,HighLevelSynthesis,2026-08-29T17:13:22.455589,2,0.01,False,-1,-1,-1,-1,-1,-1,-1,-1,-1,-1,-1,-1,-1,-1,0,0,0,0,-1
feedforward_L3,feedforward,level3,BasisTranslator,2026-08-29T17:13:22.455677,3,0.0246,False,-1,-1,-1,-1,-1,-1,-1,-1,-1,-1,-1,-1,-1,-1,0,0,0,0,-1
feedforward_L3,feedforward,level3,ElidePermutations,2026-08-29T17:13:22.455756,4,0.0103,False,-1,-1,-1,-1,-1,-1,-1,-1,-1,-1,-1,-1,-1,-1,0,0,0,0,-1
feedforward_L3,feedforward,level3,RemoveDiagonalGatesBeforeMeasure,2026-08-29T17:13:22.456254,5,0.4234,False,-1,-1,-1,-1,-1,-1,-1,-1,-1,-1,-1,-1,-1,-1,0,0,0,0,-1
feedforward_L3,feedforward,level3,RemoveIdentityEquivalent,2026-08-29T17:13:22.456364,6,0.0145,False,-1,-1,-1,-1,-1,-1,-1,-1,-1,-1,-1,-1,-1,-1,0,0,0,0,-1
feedforward_L3,feedforward,level3,InverseCancellation,2026-08-29T17:13:22.456668,7,0.2372,False,-1,-1,-1,-1,-1,-1,-1,-1,-1,-1,-1,-1,-1,-1,0,0,0,0,-1
feedforward_L3,feedforward,level3,ContractIdleWiresInControlFlow,2026-08-29T17:13:22.456876,8,0.1311,False,-1,-1,-1,-1,-1,-1,-1,-1,-1,-1,-1,-1,-1,-1,0,0,0,0,-1
feedforward_L3,feedforward,level3,CommutativeCancellation,2026-08-29T17:13:22.457280,9,0.33,False,-1,-1,-1,-1,-1,-1,-1,-1,-1,-1,-1,-1,-1,-1,0,0,0,0,-1
feedforward_L3,feedforward,level3,ConsolidateBlocks,2026-08-29T17:13:22.457984,10,0.6235,False,-1,-1,-1,-1,-1,-1,-1,-1,-1,-1,-1,-1,-1,-1,0,0,0,0,-1
feedforward_L3,feedforward,level3,Split2QUnitaries,2026-08-29T17:13:22.458089,11,0.0079,False,-1,-1,-1,-1,-1,-1,-1,-1,-1,-1,-1,-1,-1,-1,0,0,0,0,-1
feedforward_L3,feedforward,level3,UnitarySynthesis,2026-08-29T17:13:22.458163,12,0.0131,False,-1,-1,-1,-1,-1,-1,-1,-1,-1,-1,-1,-1,-1,-1,0,0,0,0,-1
feedforward_L3,feedforward,level3,HighLevelSynthesis,2026-08-29T17:13:22.458303,13,0.0706,False,-1,-1,-1,-1,-1,-1,-1,-1,-1,-1,-1,-1,-1,-1,0,0,0,0,-1
feedforward_L3,feedforward,level3,BasisTranslator,2026-08-29T17:13:22.458634,14,0.2551,False,-1,-1,-1,-1,-1,-1,-1,-1,-1,-1,-1,-1,-1,-1,0,0,0,0,-1
feedforward_L3,feedforward,level3,Size,2026-08-29T17:13:22.458720,15,0.0095,False,-1,-1,-1,-1,-1,-1,-1,-1,-1,-1,-1,-1,-1,-1,0,0,0,0,-1
feedforward_L3,feedforward,level3,Depth,2026-08-29T17:13:22.458792,16,0.0107,False,-1,-1,-1,-1,-1,-1,-1,-1,-1,-1,-1,-1,-1,-1,0,0,0,0,-1
feedforward_L3,feedforward,level3,MinimumPoint,2026-08-29T17:13:22.458874,17,0.0198,False,-1,-1,-1,-1,-1,-1,-1,-1,-1,-1,-1,-1,-1,-1,0,0,0,0,-1
feedforward_L3,feedforward,level3,TwoQubitPeepholeOptimization,2026-08-29T17:13:22.459429,18,0.459,False,-1,-1,-1,-1,-1,-1,-1,-1,-1,-1,-1,-1,-1,-1,0,0,0,0,-1
feedforward_L3,feedforward,level3,RemoveIdentityEquivalent,2026-08-29T17:13:22.459534,19,0.011,False,-1,-1,-1,-1,-1,-1,-1,-1,-1,-1,-1,-1,-1,-1,0,0,0,0,-1
feedforward_L3,feedforward,level3,Optimize1qGatesDecomposition,2026-08-29T17:13:22.459937,20,0.3335,False,-1,-1,-1,-1,-1,-1,-1,-1,-1,-1,-1,-1,-1,-1,0,0,0,0,-1
feedforward_L3,feedforward,level3,CommutativeCancellation,2026-08-29T17:13:22.460443,21,0.4101,False,-1,-1,-1,-1,-1,-1,-1,-1,-1,-1,-1,-1,-1,-1,0,0,0,0,-1
feedforward_L3,feedforward,level3,ContractIdleWiresInControlFlow,2026-08-29T17:13:22.460687,22,0.1571,False,-1,-1,-1,-1,-1,-1,-1,-1,-1,-1,-1,-1,-1,-1,0,0,0,0,-1
feedforward_L3,feedforward,level3,GatesInBasis,2026-08-29T17:13:22.460784,23,0.0162,False,-1,-1,-1,-1,-1,-1,-1,-1,-1,-1,-1,-1,-1,-1,0,0,0,0,-1
feedforward_L3,feedforward,level3,Size,2026-08-29T17:13:22.460856,24,0.0074,False,-1,-1,-1,-1,-1,-1,-1,-1,-1,-1,-1,-1,-1,-1,0,0,0,0,-1
feedforward_L3,feedforward,level3,Depth,2026-08-29T17:13:22.460919,25,0.0105,False,-1,-1,-1,-1,-1,-1,-1,-1,-1,-1,-1,-1,-1,-1,0,0,0,0,-1
feedforward_L3,feedforward,level3,MinimumPoint,2026-08-29T17:13:22.461063,26,0.0513,False,-1,-1,-1,-1,-1,-1,-1,-1,-1,-1,-1,-1,-1,-1,0,0,0,0,-1
feedforward_L3,feedforward,level3,TwoQubitPeepholeOptimization,2026-08-29T17:13:22.461560,27,0.3877,False,-1,-1,-1,-1,-1,-1,-1,-1,-1,-1,-1,-1,-1,-1,0,0,0,0,-1
feedforward_L3,feedforward,level3,RemoveIdentityEquivalent,2026-08-29T17:13:22.461656,28,0.01,False,-1,-1,-1,-1,-1,-1,-1,-1,-1,-1,-1,-1,-1,-1,0,0,0,0,-1
feedforward_L3,feedforward,level3,Optimize1qGatesDecomposition,2026-08-29T17:13:22.462049,29,0.3023,False,-1,-1,-1,-1,-1,-1,-1,-1,-1,-1,-1,-1,-1,-1,0,0,0,0,-1
feedforward_L3,feedforward,level3,CommutativeCancellation,2026-08-29T17:13:22.462412,30,0.2854,False,-1,-1,-1,-1,-1,-1,-1,-1,-1,-1,-1,-1,-1,-1,0,0,0,0,-1
feedforward_L3,feedforward,level3,ContractIdleWiresInControlFlow,2026-08-29T17:13:22.462671,31,0.1445,False,-1,-1,-1,-1,-1,-1,-1,-1,-1,-1,-1,-1,-1,-1,0,0,0,0,-1
feedforward_L3,feedforward,level3,GatesInBasis,2026-08-29T17:13:22.462750,32,0.0114,False,-1,-1,-1,-1,-1,-1,-1,-1,-1,-1,-1,-1,-1,-1,0,0,0,0,-1
feedforward_L3,feedforward,level3,Size,2026-08-29T17:13:22.462823,33,0.0076,False,-1,-1,-1,-1,-1,-1,-1,-1,-1,-1,-1,-1,-1,-1,0,0,0,0,-1
feedforward_L3,feedforward,level3,Depth,2026-08-29T17:13:22.462888,34,0.0093,False,-1,-1,-1,-1,-1,-1,-1,-1,-1,-1,-1,-1,-1,-1,0,0,0,0,-1
feedforward_L3,feedforward,level3,MinimumPoint,2026-08-29T17:13:22.462961,35,0.0126,False,-1,-1,-1,-1,-1,-1,-1,-1,-1,-1,-1,-1,-1,-1,0,0,0,0,-1
feedforward_L3,feedforward,level3,ContainsInstruction,2026-08-29T17:13:22.463062,36,0.0131,False,-1,-1,-1,-1,-1,-1,-1,-1,-1,-1,-1,-1,-1,-1,0,0,0,0,-1
param_arithmetic_L0,param_arithmetic,level0,ContainsInstruction,2026-08-29T17:13:22.466715,0,0.0196,False,15,6,12,3,4,4,4,15,6,12,3,4,4,4,0,0,0,0,14.9
param_arithmetic_L0,param_arithmetic,level0,UnitarySynthesis,2026-08-29T17:13:22.466827,1,0.0129,False,15,6,12,3,4,4,4,15,6,12,3,4,4,4,0,0,0,0,-1
param_arithmetic_L0,param_arithmetic,level0,HighLevelSynthesis,2026-08-29T17:13:22.466904,2,0.011,False,15,6,12,3,4,4,4,15,6,12,3,4,4,4,0,0,0,0,-1
param_arithmetic_L0,param_arithmetic,level0,BasisTranslator,2026-08-29T17:13:22.467309,3,0.3419,True,15,6,12,3,4,4,4,15,6,12,3,3,4,4,0,0,0,0,-1
param_arithmetic_L0,param_arithmetic,level0,ContainsInstruction,2026-08-29T17:13:22.467380,4,0.0079,False,15,6,12,3,3,4,4,15,6,12,3,3,4,4,0,0,0,0,-1
param_arithmetic_L1,param_arithmetic,level1,ContainsInstruction,2026-08-29T17:13:22.471535,0,0.0145,False,15,6,12,3,4,4,4,15,6,12,3,4,4,4,0,0,0,0,41.78
param_arithmetic_L1,param_arithmetic,level1,InverseCancellation,2026-08-29T17:13:22.471633,1,0.0155,False,15,6,12,3,4,4,4,15,6,12,3,4,4,4,0,0,0,0,-1
param_arithmetic_L1,param_arithmetic,level1,ContractIdleWiresInControlFlow,2026-08-29T17:13:22.471694,2,0.0055,False,15,6,12,3,4,4,4,15,6,12,3,4,4,4,0,0,0,0,-1
param_arithmetic_L1,param_arithmetic,level1,UnitarySynthesis,2026-08-29T17:13:22.471748,3,0.0088,False,15,6,12,3,4,4,4,15,6,12,3,4,4,4,0,0,0,0,-1
param_arithmetic_L1,param_arithmetic,level1,HighLevelSynthesis,2026-08-29T17:13:22.471807,4,0.0105,False,15,6,12,3,4,4,4,15,6,12,3,4,4,4,0,0,0,0,-1
param_arithmetic_L1,param_arithmetic,level1,BasisTranslator,2026-08-29T17:13:22.472213,5,0.3436,True,15,6,12,3,4,4,4,15,6,12,3,3,4,4,0,0,0,0,-1
param_arithmetic_L1,param_arithmetic,level1,Size,2026-08-29T17:13:22.472299,6,0.0076,False,15,6,12,3,3,4,4,15,6,12,3,3,4,4,0,0,0,0,-1
param_arithmetic_L1,param_arithmetic,level1,Depth,2026-08-29T17:13:22.472345,7,0.0062,False,15,6,12,3,3,4,4,15,6,12,3,3,4,4,0,0,0,0,-1
param_arithmetic_L1,param_arithmetic,level1,FixedPoint,2026-08-29T17:13:22.472399,8,0.0141,False,15,6,12,3,3,4,4,15,6,12,3,3,4,4,0,0,0,0,-1
param_arithmetic_L1,param_arithmetic,level1,FixedPoint,2026-08-29T17:13:22.472445,9,0.006,False,15,6,12,3,3,4,4,15,6,12,3,3,4,4,0,0,0,0,-1
param_arithmetic_L1,param_arithmetic,level1,Optimize1qGatesDecomposition,2026-08-29T17:13:22.472649,10,0.1276,True,15,6,12,3,3,4,4,11,5,8,3,3,4,4,-4,-1,-4,0,-1
param_arithmetic_L1,param_arithmetic,level1,InverseCancellation,2026-08-29T17:13:22.472728,11,0.011,False,11,5,8,3,3,4,4,11,5,8,3,3,4,4,0,0,0,0,-1
param_arithmetic_L1,param_arithmetic,level1,ContractIdleWiresInControlFlow,2026-08-29T17:13:22.472775,12,0.0045,False,11,5,8,3,3,4,4,11,5,8,3,3,4,4,0,0,0,0,-1
param_arithmetic_L1,param_arithmetic,level1,GatesInBasis,2026-08-29T17:13:22.472823,13,0.0088,False,11,5,8,3,3,4,4,11,5,8,3,3,4,4,0,0,0,0,-1
param_arithmetic_L1,param_arithmetic,level1,Size,2026-08-29T17:13:22.472869,14,0.0043,False,11,5,8,3,3,4,4,11,5,8,3,3,4,4,0,0,0,0,-1
param_arithmetic_L1,param_arithmetic,level1,Depth,2026-08-29T17:13:22.472908,15,0.0048,False,11,5,8,3,3,4,4,11,5,8,3,3,4,4,0,0,0,0,-1
param_arithmetic_L1,param_arithmetic,level1,FixedPoint,2026-08-29T17:13:22.472988,16,0.0415,False,11,5,8,3,3,4,4,11,5,8,3,3,4,4,0,0,0,0,-1
param_arithmetic_L1,param_arithmetic,level1,FixedPoint,2026-08-29T17:13:22.473042,17,0.005,False,11,5,8,3,3,4,4,11,5,8,3,3,4,4,0,0,0,0,-1
param_arithmetic_L1,param_arithmetic,level1,Optimize1qGatesDecomposition,2026-08-29T17:13:22.473130,18,0.0436,False,11,5,8,3,3,4,4,11,5,8,3,3,4,4,0,0,0,0,-1
param_arithmetic_L1,param_arithmetic,level1,InverseCancellation,2026-08-29T17:13:22.473182,19,0.0079,False,11,5,8,3,3,4,4,11,5,8,3,3,4,4,0,0,0,0,-1
param_arithmetic_L1,param_arithmetic,level1,ContractIdleWiresInControlFlow,2026-08-29T17:13:22.473229,20,0.0038,False,11,5,8,3,3,4,4,11,5,8,3,3,4,4,0,0,0,0,-1
param_arithmetic_L1,param_arithmetic,level1,GatesInBasis,2026-08-29T17:13:22.473270,21,0.0045,False,11,5,8,3,3,4,4,11,5,8,3,3,4,4,0,0,0,0,-1
param_arithmetic_L1,param_arithmetic,level1,Size,2026-08-29T17:13:22.473310,22,0.0043,False,11,5,8,3,3,4,4,11,5,8,3,3,4,4,0,0,0,0,-1
param_arithmetic_L1,param_arithmetic,level1,Depth,2026-08-29T17:13:22.473351,23,0.0048,False,11,5,8,3,3,4,4,11,5,8,3,3,4,4,0,0,0,0,-1
param_arithmetic_L1,param_arithmetic,level1,FixedPoint,2026-08-29T17:13:22.473390,24,0.0064,False,11,5,8,3,3,4,4,11,5,8,3,3,4,4,0,0,0,0,-1
param_arithmetic_L1,param_arithmetic,level1,FixedPoint,2026-08-29T17:13:22.473430,25,0.0057,False,11,5,8,3,3,4,4,11,5,8,3,3,4,4,0,0,0,0,-1
param_arithmetic_L1,param_arithmetic,level1,ContainsInstruction,2026-08-29T17:13:22.473475,26,0.0074,False,11,5,8,3,3,4,4,11,5,8,3,3,4,4,0,0,0,0,-1
param_arithmetic_L2,param_arithmetic,level2,ContainsInstruction,2026-08-29T17:13:22.479979,0,0.0165,False,15,6,12,3,4,4,4,15,6,12,3,4,4,4,0,0,0,0,59.44
param_arithmetic_L2,param_arithmetic,level2,UnitarySynthesis,2026-08-29T17:13:22.480075,1,0.0105,False,15,6,12,3,4,4,4,15,6,12,3,4,4,4,0,0,0,0,-1
param_arithmetic_L2,param_arithmetic,level2,HighLevelSynthesis,2026-08-29T17:13:22.480126,2,0.0079,False,15,6,12,3,4,4,4,15,6,12,3,4,4,4,0,0,0,0,-1
param_arithmetic_L2,param_arithmetic,level2,BasisTranslator,2026-08-29T17:13:22.480188,3,0.0205,False,15,6,12,3,4,4,4,15,6,12,3,4,4,4,0,0,0,0,-1
param_arithmetic_L2,param_arithmetic,level2,ElidePermutations,2026-08-29T17:13:22.480237,4,0.0074,False,15,6,12,3,4,4,4,15,6,12,3,4,4,4,0,0,0,0,-1
param_arithmetic_L2,param_arithmetic,level2,RemoveDiagonalGatesBeforeMeasure,2026-08-29T17:13:22.480285,5,0.0093,False,15,6,12,3,4,4,4,15,6,12,3,4,4,4,0,0,0,0,-1
param_arithmetic_L2,param_arithmetic,level2,RemoveIdentityEquivalent,2026-08-29T17:13:22.480335,6,0.0114,False,15,6,12,3,4,4,4,15,6,12,3,4,4,4,0,0,0,0,-1
param_arithmetic_L2,param_arithmetic,level2,InverseCancellation,2026-08-29T17:13:22.480387,7,0.0124,False,15,6,12,3,4,4,4,15,6,12,3,4,4,4,0,0,0,0,-1
param_arithmetic_L2,param_arithmetic,level2,ContractIdleWiresInControlFlow,2026-08-29T17:13:22.480431,8,0.0048,False,15,6,12,3,4,4,4,15,6,12,3,4,4,4,0,0,0,0,-1
param_arithmetic_L2,param_arithmetic,level2,CommutativeCancellation,2026-08-29T17:13:22.480587,9,0.1006,False,15,6,12,3,4,4,4,15,6,12,3,4,4,4,0,0,0,0,-1
param_arithmetic_L2,param_arithmetic,level2,ConsolidateBlocks,2026-08-29T17:13:22.480715,10,0.0777,False,15,6,12,3,4,4,4,15,6,12,3,4,4,4,0,0,0,0,-1
param_arithmetic_L2,param_arithmetic,level2,Split2QUnitaries,2026-08-29T17:13:22.480762,11,0.0048,False,15,6,12,3,4,4,4,15,6,12,3,4,4,4,0,0,0,0,-1
param_arithmetic_L2,param_arithmetic,level2,UnitarySynthesis,2026-08-29T17:13:22.480806,12,0.006,False,15,6,12,3,4,4,4,15,6,12,3,4,4,4,0,0,0,0,-1
param_arithmetic_L2,param_arithmetic,level2,HighLevelSynthesis,2026-08-29T17:13:22.480851,13,0.0067,False,15,6,12,3,4,4,4,15,6,12,3,4,4,4,0,0,0,0,-1
param_arithmetic_L2,param_arithmetic,level2,BasisTranslator,2026-08-29T17:13:22.481209,14,0.3173,True,15,6,12,3,4,4,4,15,6,12,3,3,4,4,0,0,0,0,-1
param_arithmetic_L2,param_arithmetic,level2,TwoQubitPeepholeOptimization,2026-08-29T17:13:22.481412,15,0.1478,False,15,6,12,3,3,4,4,15,6,12,3,3,4,4,0,0,0,0,-1
param_arithmetic_L2,param_arithmetic,level2,Size,2026-08-29T17:13:22.481466,16,0.0088,False,15,6,12,3,3,4,4,15,6,12,3,3,4,4,0,0,0,0,-1
param_arithmetic_L2,param_arithmetic,level2,Depth,2026-08-29T17:13:22.481506,17,0.005,False,15,6,12,3,3,4,4,15,6,12,3,3,4,4,0,0,0,0,-1
param_arithmetic_L2,param_arithmetic,level2,FixedPoint,2026-08-29T17:13:22.481554,18,0.0141,False,15,6,12,3,3,4,4,15,6,12,3,3,4,4,0,0,0,0,-1
param_arithmetic_L2,param_arithmetic,level2,FixedPoint,2026-08-29T17:13:22.481594,19,0.005,False,15,6,12,3,3,4,4,15,6,12,3,3,4,4,0,0,0,0,-1
param_arithmetic_L2,param_arithmetic,level2,RemoveIdentityEquivalent,2026-08-29T17:13:22.481650,20,0.0088,False,15,6,12,3,3,4,4,15,6,12,3,3,4,4,0,0,0,0,-1
param_arithmetic_L2,param_arithmetic,level2,Optimize1qGatesDecomposition,2026-08-29T17:13:22.481758,21,0.0544,True,15,6,12,3,3,4,4,11,5,8,3,3,4,4,-4,-1,-4,0,-1
param_arithmetic_L2,param_arithmetic,level2,CommutativeCancellation,2026-08-29T17:13:22.481864,22,0.0515,False,11,5,8,3,3,4,4,11,5,8,3,3,4,4,0,0,0,0,-1
param_arithmetic_L2,param_arithmetic,level2,ContractIdleWiresInControlFlow,2026-08-29T17:13:22.481913,23,0.0043,False,11,5,8,3,3,4,4,11,5,8,3,3,4,4,0,0,0,0,-1
param_arithmetic_L2,param_arithmetic,level2,GatesInBasis,2026-08-29T17:13:22.481956,24,0.0081,False,11,5,8,3,3,4,4,11,5,8,3,3,4,4,0,0,0,0,-1
param_arithmetic_L2,param_arithmetic,level2,Size,2026-08-29T17:13:22.481996,25,0.0043,False,11,5,8,3,3,4,4,11,5,8,3,3,4,4,0,0,0,0,-1
param_arithmetic_L2,param_arithmetic,level2,Depth,2026-08-29T17:13:22.482041,26,0.0141,False,11,5,8,3,3,4,4,11,5,8,3,3,4,4,0,0,0,0,-1
param_arithmetic_L2,param_arithmetic,level2,FixedPoint,2026-08-29T17:13:22.482076,27,0.0062,False,11,5,8,3,3,4,4,11,5,8,3,3,4,4,0,0,0,0,-1
param_arithmetic_L2,param_arithmetic,level2,FixedPoint,2026-08-29T17:13:22.482109,28,0.0043,False,11,5,8,3,3,4,4,11,5,8,3,3,4,4,0,0,0,0,-1
param_arithmetic_L2,param_arithmetic,level2,RemoveIdentityEquivalent,2026-08-29T17:13:22.482150,29,0.0055,False,11,5,8,3,3,4,4,11,5,8,3,3,4,4,0,0,0,0,-1
param_arithmetic_L2,param_arithmetic,level2,Optimize1qGatesDecomposition,2026-08-29T17:13:22.482216,30,0.0327,False,11,5,8,3,3,4,4,11,5,8,3,3,4,4,0,0,0,0,-1
param_arithmetic_L2,param_arithmetic,level2,CommutativeCancellation,2026-08-29T17:13:22.482282,31,0.0296,False,11,5,8,3,3,4,4,11,5,8,3,3,4,4,0,0,0,0,-1
param_arithmetic_L2,param_arithmetic,level2,ContractIdleWiresInControlFlow,2026-08-29T17:13:22.482332,32,0.0038,False,11,5,8,3,3,4,4,11,5,8,3,3,4,4,0,0,0,0,-1
param_arithmetic_L2,param_arithmetic,level2,GatesInBasis,2026-08-29T17:13:22.482370,33,0.0043,False,11,5,8,3,3,4,4,11,5,8,3,3,4,4,0,0,0,0,-1
param_arithmetic_L2,param_arithmetic,level2,Size,2026-08-29T17:13:22.482406,34,0.0038,False,11,5,8,3,3,4,4,11,5,8,3,3,4,4,0,0,0,0,-1
param_arithmetic_L2,param_arithmetic,level2,Depth,2026-08-29T17:13:22.482448,35,0.0038,False,11,5,8,3,3,4,4,11,5,8,3,3,4,4,0,0,0,0,-1
param_arithmetic_L2,param_arithmetic,level2,FixedPoint,2026-08-29T17:13:22.482482,36,0.0062,False,11,5,8,3,3,4,4,11,5,8,3,3,4,4,0,0,0,0,-1
param_arithmetic_L2,param_arithmetic,level2,FixedPoint,2026-08-29T17:13:22.482516,37,0.0045,False,11,5,8,3,3,4,4,11,5,8,3,3,4,4,0,0,0,0,-1
param_arithmetic_L2,param_arithmetic,level2,ContainsInstruction,2026-08-29T17:13:22.482560,38,0.0067,False,11,5,8,3,3,4,4,11,5,8,3,3,4,4,0,0,0,0,-1
param_arithmetic_L3,param_arithmetic,level3,ContainsInstruction,2026-08-29T17:13:22.488559,0,0.0157,False,15,6,12,3,4,4,4,15,6,12,3,4,4,4,0,0,0,0,58.22
param_arithmetic_L3,param_arithmetic,level3,UnitarySynthesis,2026-08-29T17:13:22.488646,1,0.0095,False,15,6,12,3,4,4,4,15,6,12,3,4,4,4,0,0,0,0,-1
param_arithmetic_L3,param_arithmetic,level3,HighLevelSynthesis,2026-08-29T17:13:22.488699,2,0.0076,False,15,6,12,3,4,4,4,15,6,12,3,4,4,4,0,0,0,0,-1
param_arithmetic_L3,param_arithmetic,level3,BasisTranslator,2026-08-29T17:13:22.488757,3,0.0174,False,15,6,12,3,4,4,4,15,6,12,3,4,4,4,0,0,0,0,-1
param_arithmetic_L3,param_arithmetic,level3,ElidePermutations,2026-08-29T17:13:22.488805,4,0.0081,False,15,6,12,3,4,4,4,15,6,12,3,4,4,4,0,0,0,0,-1
param_arithmetic_L3,param_arithmetic,level3,RemoveDiagonalGatesBeforeMeasure,2026-08-29T17:13:22.488853,5,0.0081,False,15,6,12,3,4,4,4,15,6,12,3,4,4,4,0,0,0,0,-1
param_arithmetic_L3,param_arithmetic,level3,RemoveIdentityEquivalent,2026-08-29T17:13:22.488912,6,0.0119,False,15,6,12,3,4,4,4,15,6,12,3,4,4,4,0,0,0,0,-1
param_arithmetic_L3,param_arithmetic,level3,InverseCancellation,2026-08-29T17:13:22.488964,7,0.0131,False,15,6,12,3,4,4,4,15,6,12,3,4,4,4,0,0,0,0,-1
param_arithmetic_L3,param_arithmetic,level3,ContractIdleWiresInControlFlow,2026-08-29T17:13:22.489021,8,0.0048,False,15,6,12,3,4,4,4,15,6,12,3,4,4,4,0,0,0,0,-1
param_arithmetic_L3,param_arithmetic,level3,CommutativeCancellation,2026-08-29T17:13:22.489163,9,0.077,False,15,6,12,3,4,4,4,15,6,12,3,4,4,4,0,0,0,0,-1
param_arithmetic_L3,param_arithmetic,level3,ConsolidateBlocks,2026-08-29T17:13:22.489290,10,0.0827,False,15,6,12,3,4,4,4,15,6,12,3,4,4,4,0,0,0,0,-1
param_arithmetic_L3,param_arithmetic,level3,Split2QUnitaries,2026-08-29T17:13:22.489336,11,0.0048,False,15,6,12,3,4,4,4,15,6,12,3,4,4,4,0,0,0,0,-1
param_arithmetic_L3,param_arithmetic,level3,UnitarySynthesis,2026-08-29T17:13:22.489379,12,0.0064,False,15,6,12,3,4,4,4,15,6,12,3,4,4,4,0,0,0,0,-1
param_arithmetic_L3,param_arithmetic,level3,HighLevelSynthesis,2026-08-29T17:13:22.489428,13,0.0072,False,15,6,12,3,4,4,4,15,6,12,3,4,4,4,0,0,0,0,-1
param_arithmetic_L3,param_arithmetic,level3,BasisTranslator,2026-08-29T17:13:22.489801,14,0.3304,True,15,6,12,3,4,4,4,15,6,12,3,3,4,4,0,0,0,0,-1
param_arithmetic_L3,param_arithmetic,level3,Size,2026-08-29T17:13:22.489851,15,0.006,False,15,6,12,3,3,4,4,15,6,12,3,3,4,4,0,0,0,0,-1
param_arithmetic_L3,param_arithmetic,level3,Depth,2026-08-29T17:13:22.489895,16,0.0057,False,15,6,12,3,3,4,4,15,6,12,3,3,4,4,0,0,0,0,-1
param_arithmetic_L3,param_arithmetic,level3,MinimumPoint,2026-08-29T17:13:22.489946,17,0.0153,False,15,6,12,3,3,4,4,15,6,12,3,3,4,4,0,0,0,0,-1
param_arithmetic_L3,param_arithmetic,level3,TwoQubitPeepholeOptimization,2026-08-29T17:13:22.490176,18,0.1664,False,15,6,12,3,3,4,4,15,6,12,3,3,4,4,0,0,0,0,-1
param_arithmetic_L3,param_arithmetic,level3,RemoveIdentityEquivalent,2026-08-29T17:13:22.490231,19,0.0083,False,15,6,12,3,3,4,4,15,6,12,3,3,4,4,0,0,0,0,-1
param_arithmetic_L3,param_arithmetic,level3,Optimize1qGatesDecomposition,2026-08-29T17:13:22.490330,20,0.0501,True,15,6,12,3,3,4,4,11,5,8,3,3,4,4,-4,-1,-4,0,-1
param_arithmetic_L3,param_arithmetic,level3,CommutativeCancellation,2026-08-29T17:13:22.490410,21,0.042,False,11,5,8,3,3,4,4,11,5,8,3,3,4,4,0,0,0,0,-1
param_arithmetic_L3,param_arithmetic,level3,ContractIdleWiresInControlFlow,2026-08-29T17:13:22.490449,22,0.0043,False,11,5,8,3,3,4,4,11,5,8,3,3,4,4,0,0,0,0,-1
param_arithmetic_L3,param_arithmetic,level3,GatesInBasis,2026-08-29T17:13:22.490490,23,0.0079,False,11,5,8,3,3,4,4,11,5,8,3,3,4,4,0,0,0,0,-1
param_arithmetic_L3,param_arithmetic,level3,Size,2026-08-29T17:13:22.490536,24,0.0033,False,11,5,8,3,3,4,4,11,5,8,3,3,4,4,0,0,0,0,-1
param_arithmetic_L3,param_arithmetic,level3,Depth,2026-08-29T17:13:22.490572,25,0.0045,False,11,5,8,3,3,4,4,11,5,8,3,3,4,4,0,0,0,0,-1
param_arithmetic_L3,param_arithmetic,level3,MinimumPoint,2026-08-29T17:13:22.490639,26,0.0339,False,11,5,8,3,3,4,4,11,5,8,3,3,4,4,0,0,0,0,-1
param_arithmetic_L3,param_arithmetic,level3,TwoQubitPeepholeOptimization,2026-08-29T17:13:22.490760,27,0.0753,False,11,5,8,3,3,4,4,11,5,8,3,3,4,4,0,0,0,0,-1
param_arithmetic_L3,param_arithmetic,level3,RemoveIdentityEquivalent,2026-08-29T17:13:22.490805,28,0.0055,False,11,5,8,3,3,4,4,11,5,8,3,3,4,4,0,0,0,0,-1
param_arithmetic_L3,param_arithmetic,level3,Optimize1qGatesDecomposition,2026-08-29T17:13:22.490910,29,0.0656,False,11,5,8,3,3,4,4,11,5,8,3,3,4,4,0,0,0,0,-1
param_arithmetic_L3,param_arithmetic,level3,CommutativeCancellation,2026-08-29T17:13:22.491019,30,0.0453,False,11,5,8,3,3,4,4,11,5,8,3,3,4,4,0,0,0,0,-1
param_arithmetic_L3,param_arithmetic,level3,ContractIdleWiresInControlFlow,2026-08-29T17:13:22.491069,31,0.0048,False,11,5,8,3,3,4,4,11,5,8,3,3,4,4,0,0,0,0,-1
param_arithmetic_L3,param_arithmetic,level3,GatesInBasis,2026-08-29T17:13:22.491109,32,0.0057,False,11,5,8,3,3,4,4,11,5,8,3,3,4,4,0,0,0,0,-1
param_arithmetic_L3,param_arithmetic,level3,Size,2026-08-29T17:13:22.491146,33,0.0043,False,11,5,8,3,3,4,4,11,5,8,3,3,4,4,0,0,0,0,-1
param_arithmetic_L3,param_arithmetic,level3,Depth,2026-08-29T17:13:22.491185,34,0.0048,False,11,5,8,3,3,4,4,11,5,8,3,3,4,4,0,0,0,0,-1
param_arithmetic_L3,param_arithmetic,level3,MinimumPoint,2026-08-29T17:13:22.491223,35,0.0072,False,11,5,8,3,3,4,4,11,5,8,3,3,4,4,0,0,0,0,-1
param_arithmetic_L3,param_arithmetic,level3,ContainsInstruction,2026-08-29T17:13:22.491269,36,0.0072,False,11,5,8,3,3,4,4,11,5,8,3,3,4,4,0,0,0,0,-1
reset_reuse_L0,reset_reuse,level0,ContainsInstruction,2026-08-29T17:13:22.494280,0,0.0172,False,10,7,8,2,4,4,4,10,7,8,2,4,4,4,0,0,0,0,14.45
reset_reuse_L0,reset_reuse,level0,UnitarySynthesis,2026-08-29T17:13:22.494369,1,0.0114,False,10,7,8,2,4,4,4,10,7,8,2,4,4,4,0,0,0,0,-1
reset_reuse_L0,reset_reuse,level0,HighLevelSynthesis,2026-08-29T17:13:22.494418,2,0.0107,False,10,7,8,2,4,4,4,10,7,8,2,4,4,4,0,0,0,0,-1
reset_reuse_L0,reset_reuse,level0,BasisTranslator,2026-08-29T17:13:22.494606,3,0.1485,False,10,7,8,2,4,4,4,10,7,8,2,4,4,4,0,0,0,0,-1
reset_reuse_L0,reset_reuse,level0,ContainsInstruction,2026-08-29T17:13:22.494650,4,0.0062,False,10,7,8,2,4,4,4,10,7,8,2,4,4,4,0,0,0,0,-1
reset_reuse_L1,reset_reuse,level1,ContainsInstruction,2026-08-29T17:13:22.498405,0,0.0148,False,10,7,8,2,4,4,4,10,7,8,2,4,4,4,0,0,0,0,35.88
reset_reuse_L1,reset_reuse,level1,InverseCancellation,2026-08-29T17:13:22.498503,1,0.0188,False,10,7,8,2,4,4,4,10,7,8,2,4,4,4,0,0,0,0,-1
reset_reuse_L1,reset_reuse,level1,ContractIdleWiresInControlFlow,2026-08-29T17:13:22.498571,2,0.0055,False,10,7,8,2,4,4,4,10,7,8,2,4,4,4,0,0,0,0,-1
reset_reuse_L1,reset_reuse,level1,UnitarySynthesis,2026-08-29T17:13:22.498614,3,0.0081,False,10,7,8,2,4,4,4,10,7,8,2,4,4,4,0,0,0,0,-1
reset_reuse_L1,reset_reuse,level1,HighLevelSynthesis,2026-08-29T17:13:22.498660,4,0.011,False,10,7,8,2,4,4,4,10,7,8,2,4,4,4,0,0,0,0,-1
reset_reuse_L1,reset_reuse,level1,BasisTranslator,2026-08-29T17:13:22.498859,5,0.1609,False,10,7,8,2,4,4,4,10,7,8,2,4,4,4,0,0,0,0,-1
reset_reuse_L1,reset_reuse,level1,Size,2026-08-29T17:13:22.498906,6,0.0074,False,10,7,8,2,4,4,4,10,7,8,2,4,4,4,0,0,0,0,-1
reset_reuse_L1,reset_reuse,level1,Depth,2026-08-29T17:13:22.498944,7,0.0057,False,10,7,8,2,4,4,4,10,7,8,2,4,4,4,0,0,0,0,-1
reset_reuse_L1,reset_reuse,level1,FixedPoint,2026-08-29T17:13:22.498992,8,0.0136,False,10,7,8,2,4,4,4,10,7,8,2,4,4,4,0,0,0,0,-1
reset_reuse_L1,reset_reuse,level1,FixedPoint,2026-08-29T17:13:22.499040,9,0.0036,False,10,7,8,2,4,4,4,10,7,8,2,4,4,4,0,0,0,0,-1
reset_reuse_L1,reset_reuse,level1,Optimize1qGatesDecomposition,2026-08-29T17:13:22.499177,10,0.0813,False,10,7,8,2,4,4,4,10,7,8,2,4,4,4,0,0,0,0,-1
reset_reuse_L1,reset_reuse,level1,InverseCancellation,2026-08-29T17:13:22.499260,11,0.0143,False,10,7,8,2,4,4,4,10,7,8,2,4,4,4,0,0,0,0,-1
reset_reuse_L1,reset_reuse,level1,ContractIdleWiresInControlFlow,2026-08-29T17:13:22.499308,12,0.0048,False,10,7,8,2,4,4,4,10,7,8,2,4,4,4,0,0,0,0,-1
reset_reuse_L1,reset_reuse,level1,GatesInBasis,2026-08-29T17:13:22.499353,13,0.0091,False,10,7,8,2,4,4,4,10,7,8,2,4,4,4,0,0,0,0,-1
reset_reuse_L1,reset_reuse,level1,Size,2026-08-29T17:13:22.499396,14,0.0045,False,10,7,8,2,4,4,4,10,7,8,2,4,4,4,0,0,0,0,-1
reset_reuse_L1,reset_reuse,level1,Depth,2026-08-29T17:13:22.499434,15,0.005,False,10,7,8,2,4,4,4,10,7,8,2,4,4,4,0,0,0,0,-1
reset_reuse_L1,reset_reuse,level1,FixedPoint,2026-08-29T17:13:22.499471,16,0.0064,False,10,7,8,2,4,4,4,10,7,8,2,4,4,4,0,0,0,0,-1
reset_reuse_L1,reset_reuse,level1,FixedPoint,2026-08-29T17:13:22.499505,17,0.0043,False,10,7,8,2,4,4,4,10,7,8,2,4,4,4,0,0,0,0,-1
reset_reuse_L1,reset_reuse,level1,ContainsInstruction,2026-08-29T17:13:22.499547,18,0.0069,False,10,7,8,2,4,4,4,10,7,8,2,4,4,4,0,0,0,0,-1
reset_reuse_L2,reset_reuse,level2,ContainsInstruction,2026-08-29T17:13:22.505688,0,0.0141,False,10,7,8,2,4,4,4,10,7,8,2,4,4,4,0,0,0,0,46.05
reset_reuse_L2,reset_reuse,level2,UnitarySynthesis,2026-08-29T17:13:22.505772,1,0.0095,False,10,7,8,2,4,4,4,10,7,8,2,4,4,4,0,0,0,0,-1
reset_reuse_L2,reset_reuse,level2,HighLevelSynthesis,2026-08-29T17:13:22.505821,2,0.0081,False,10,7,8,2,4,4,4,10,7,8,2,4,4,4,0,0,0,0,-1
reset_reuse_L2,reset_reuse,level2,BasisTranslator,2026-08-29T17:13:22.505877,3,0.0207,False,10,7,8,2,4,4,4,10,7,8,2,4,4,4,0,0,0,0,-1
reset_reuse_L2,reset_reuse,level2,ElidePermutations,2026-08-29T17:13:22.505920,4,0.0081,False,10,7,8,2,4,4,4,10,7,8,2,4,4,4,0,0,0,0,-1
reset_reuse_L2,reset_reuse,level2,RemoveDiagonalGatesBeforeMeasure,2026-08-29T17:13:22.505964,5,0.0091,False,10,7,8,2,4,4,4,10,7,8,2,4,4,4,0,0,0,0,-1
reset_reuse_L2,reset_reuse,level2,RemoveIdentityEquivalent,2026-08-29T17:13:22.506007,6,0.0098,False,10,7,8,2,4,4,4,10,7,8,2,4,4,4,0,0,0,0,-1
reset_reuse_L2,reset_reuse,level2,InverseCancellation,2026-08-29T17:13:22.506069,7,0.0148,False,10,7,8,2,4,4,4,10,7,8,2,4,4,4,0,0,0,0,-1
reset_reuse_L2,reset_reuse,level2,ContractIdleWiresInControlFlow,2026-08-29T17:13:22.506107,8,0.0052,False,10,7,8,2,4,4,4,10,7,8,2,4,4,4,0,0,0,0,-1
reset_reuse_L2,reset_reuse,level2,CommutativeCancellation,2026-08-29T17:13:22.506312,9,0.1252,False,10,7,8,2,4,4,4,10,7,8,2,4,4,4,0,0,0,0,-1
reset_reuse_L2,reset_reuse,level2,ConsolidateBlocks,2026-08-29T17:13:22.506434,10,0.0749,False,10,7,8,2,4,4,4,10,7,8,2,4,4,4,0,0,0,0,-1
reset_reuse_L2,reset_reuse,level2,Split2QUnitaries,2026-08-29T17:13:22.506476,11,0.006,False,10,7,8,2,4,4,4,10,7,8,2,4,4,4,0,0,0,0,-1
reset_reuse_L2,reset_reuse,level2,UnitarySynthesis,2026-08-29T17:13:22.506526,12,0.006,False,10,7,8,2,4,4,4,10,7,8,2,4,4,4,0,0,0,0,-1
reset_reuse_L2,reset_reuse,level2,HighLevelSynthesis,2026-08-29T17:13:22.506570,13,0.0093,False,10,7,8,2,4,4,4,10,7,8,2,4,4,4,0,0,0,0,-1
reset_reuse_L2,reset_reuse,level2,BasisTranslator,2026-08-29T17:13:22.506759,14,0.1526,False,10,7,8,2,4,4,4,10,7,8,2,4,4,4,0,0,0,0,-1
reset_reuse_L2,reset_reuse,level2,TwoQubitPeepholeOptimization,2026-08-29T17:13:22.506904,15,0.0982,False,10,7,8,2,4,4,4,10,7,8,2,4,4,4,0,0,0,0,-1
reset_reuse_L2,reset_reuse,level2,Size,2026-08-29T17:13:22.506959,16,0.0072,False,10,7,8,2,4,4,4,10,7,8,2,4,4,4,0,0,0,0,-1
reset_reuse_L2,reset_reuse,level2,Depth,2026-08-29T17:13:22.506995,17,0.006,False,10,7,8,2,4,4,4,10,7,8,2,4,4,4,0,0,0,0,-1
reset_reuse_L2,reset_reuse,level2,FixedPoint,2026-08-29T17:13:22.507056,18,0.0298,False,10,7,8,2,4,4,4,10,7,8,2,4,4,4,0,0,0,0,-1
reset_reuse_L2,reset_reuse,level2,FixedPoint,2026-08-29T17:13:22.507094,19,0.005,False,10,7,8,2,4,4,4,10,7,8,2,4,4,4,0,0,0,0,-1
reset_reuse_L2,reset_reuse,level2,RemoveIdentityEquivalent,2026-08-29T17:13:22.507151,20,0.0098,False,10,7,8,2,4,4,4,10,7,8,2,4,4,4,0,0,0,0,-1
reset_reuse_L2,reset_reuse,level2,Optimize1qGatesDecomposition,2026-08-29T17:13:22.507268,21,0.0632,False,10,7,8,2,4,4,4,10,7,8,2,4,4,4,0,0,0,0,-1
reset_reuse_L2,reset_reuse,level2,CommutativeCancellation,2026-08-29T17:13:22.507387,22,0.0539,False,10,7,8,2,4,4,4,10,7,8,2,4,4,4,0,0,0,0,-1
reset_reuse_L2,reset_reuse,level2,ContractIdleWiresInControlFlow,2026-08-29T17:13:22.507453,23,0.006,False,10,7,8,2,4,4,4,10,7,8,2,4,4,4,0,0,0,0,-1
reset_reuse_L2,reset_reuse,level2,GatesInBasis,2026-08-29T17:13:22.507518,24,0.01,False,10,7,8,2,4,4,4,10,7,8,2,4,4,4,0,0,0,0,-1
reset_reuse_L2,reset_reuse,level2,Size,2026-08-29T17:13:22.507573,25,0.0064,False,10,7,8,2,4,4,4,10,7,8,2,4,4,4,0,0,0,0,-1
reset_reuse_L2,reset_reuse,level2,Depth,2026-08-29T17:13:22.507618,26,0.006,False,10,7,8,2,4,4,4,10,7,8,2,4,4,4,0,0,0,0,-1
reset_reuse_L2,reset_reuse,level2,FixedPoint,2026-08-29T17:13:22.507671,27,0.0105,False,10,7,8,2,4,4,4,10,7,8,2,4,4,4,0,0,0,0,-1
reset_reuse_L2,reset_reuse,level2,FixedPoint,2026-08-29T17:13:22.507720,28,0.0055,False,10,7,8,2,4,4,4,10,7,8,2,4,4,4,0,0,0,0,-1
reset_reuse_L2,reset_reuse,level2,ContainsInstruction,2026-08-29T17:13:22.507776,29,0.0098,False,10,7,8,2,4,4,4,10,7,8,2,4,4,4,0,0,0,0,-1
reset_reuse_L3,reset_reuse,level3,ContainsInstruction,2026-08-29T17:13:22.517112,0,0.0219,False,10,7,8,2,4,4,4,10,7,8,2,4,4,4,0,0,0,0,59.08
reset_reuse_L3,reset_reuse,level3,UnitarySynthesis,2026-08-29T17:13:22.517217,1,0.0114,False,10,7,8,2,4,4,4,10,7,8,2,4,4,4,0,0,0,0,-1
reset_reuse_L3,reset_reuse,level3,HighLevelSynthesis,2026-08-29T17:13:22.517277,2,0.0095,False,10,7,8,2,4,4,4,10,7,8,2,4,4,4,0,0,0,0,-1
reset_reuse_L3,reset_reuse,level3,BasisTranslator,2026-08-29T17:13:22.517354,3,0.0286,False,10,7,8,2,4,4,4,10,7,8,2,4,4,4,0,0,0,0,-1
reset_reuse_L3,reset_reuse,level3,ElidePermutations,2026-08-29T17:13:22.517425,4,0.0093,False,10,7,8,2,4,4,4,10,7,8,2,4,4,4,0,0,0,0,-1
reset_reuse_L3,reset_reuse,level3,RemoveDiagonalGatesBeforeMeasure,2026-08-29T17:13:22.517486,5,0.0119,False,10,7,8,2,4,4,4,10,7,8,2,4,4,4,0,0,0,0,-1
reset_reuse_L3,reset_reuse,level3,RemoveIdentityEquivalent,2026-08-29T17:13:22.517547,6,0.0117,False,10,7,8,2,4,4,4,10,7,8,2,4,4,4,0,0,0,0,-1
reset_reuse_L3,reset_reuse,level3,InverseCancellation,2026-08-29T17:13:22.517617,7,0.0196,False,10,7,8,2,4,4,4,10,7,8,2,4,4,4,0,0,0,0,-1
reset_reuse_L3,reset_reuse,level3,ContractIdleWiresInControlFlow,2026-08-29T17:13:22.517676,8,0.0067,False,10,7,8,2,4,4,4,10,7,8,2,4,4,4,0,0,0,0,-1
reset_reuse_L3,reset_reuse,level3,CommutativeCancellation,2026-08-29T17:13:22.517819,9,0.0899,False,10,7,8,2,4,4,4,10,7,8,2,4,4,4,0,0,0,0,-1
reset_reuse_L3,reset_reuse,level3,ConsolidateBlocks,2026-08-29T17:13:22.517968,10,0.0923,False,10,7,8,2,4,4,4,10,7,8,2,4,4,4,0,0,0,0,-1
reset_reuse_L3,reset_reuse,level3,Split2QUnitaries,2026-08-29T17:13:22.518046,11,0.0069,False,10,7,8,2,4,4,4,10,7,8,2,4,4,4,0,0,0,0,-1
reset_reuse_L3,reset_reuse,level3,UnitarySynthesis,2026-08-29T17:13:22.518112,12,0.0098,False,10,7,8,2,4,4,4,10,7,8,2,4,4,4,0,0,0,0,-1
reset_reuse_L3,reset_reuse,level3,HighLevelSynthesis,2026-08-29T17:13:22.518172,13,0.0095,False,10,7,8,2,4,4,4,10,7,8,2,4,4,4,0,0,0,0,-1
reset_reuse_L3,reset_reuse,level3,BasisTranslator,2026-08-29T17:13:22.518423,14,0.1938,False,10,7,8,2,4,4,4,10,7,8,2,4,4,4,0,0,0,0,-1
reset_reuse_L3,reset_reuse,level3,Size,2026-08-29T17:13:22.518491,15,0.0081,False,10,7,8,2,4,4,4,10,7,8,2,4,4,4,0,0,0,0,-1
reset_reuse_L3,reset_reuse,level3,Depth,2026-08-29T17:13:22.518546,16,0.0079,False,10,7,8,2,4,4,4,10,7,8,2,4,4,4,0,0,0,0,-1
reset_reuse_L3,reset_reuse,level3,MinimumPoint,2026-08-29T17:13:22.518616,17,0.0207,False,10,7,8,2,4,4,4,10,7,8,2,4,4,4,0,0,0,0,-1
reset_reuse_L3,reset_reuse,level3,TwoQubitPeepholeOptimization,2026-08-29T17:13:22.518829,18,0.1183,False,10,7,8,2,4,4,4,10,7,8,2,4,4,4,0,0,0,0,-1
reset_reuse_L3,reset_reuse,level3,RemoveIdentityEquivalent,2026-08-29T17:13:22.518909,19,0.0114,False,10,7,8,2,4,4,4,10,7,8,2,4,4,4,0,0,0,0,-1
reset_reuse_L3,reset_reuse,level3,Optimize1qGatesDecomposition,2026-08-29T17:13:22.519032,20,0.0532,False,10,7,8,2,4,4,4,10,7,8,2,4,4,4,0,0,0,0,-1
reset_reuse_L3,reset_reuse,level3,CommutativeCancellation,2026-08-29T17:13:22.519141,21,0.0472,False,10,7,8,2,4,4,4,10,7,8,2,4,4,4,0,0,0,0,-1
reset_reuse_L3,reset_reuse,level3,ContractIdleWiresInControlFlow,2026-08-29T17:13:22.519199,22,0.0055,False,10,7,8,2,4,4,4,10,7,8,2,4,4,4,0,0,0,0,-1
reset_reuse_L3,reset_reuse,level3,GatesInBasis,2026-08-29T17:13:22.519267,23,0.011,False,10,7,8,2,4,4,4,10,7,8,2,4,4,4,0,0,0,0,-1
reset_reuse_L3,reset_reuse,level3,Size,2026-08-29T17:13:22.519330,24,0.0067,False,10,7,8,2,4,4,4,10,7,8,2,4,4,4,0,0,0,0,-1
reset_reuse_L3,reset_reuse,level3,Depth,2026-08-29T17:13:22.519380,25,0.0067,False,10,7,8,2,4,4,4,10,7,8,2,4,4,4,0,0,0,0,-1
reset_reuse_L3,reset_reuse,level3,MinimumPoint,2026-08-29T17:13:22.519477,26,0.0501,False,10,7,8,2,4,4,4,10,7,8,2,4,4,4,0,0,0,0,-1
reset_reuse_L3,reset_reuse,level3,TwoQubitPeepholeOptimization,2026-08-29T17:13:22.519631,27,0.0787,False,10,7,8,2,4,4,4,10,7,8,2,4,4,4,0,0,0,0,-1
reset_reuse_L3,reset_reuse,level3,RemoveIdentityEquivalent,2026-08-29T17:13:22.519691,28,0.0081,False,10,7,8,2,4,4,4,10,7,8,2,4,4,4,0,0,0,0,-1
reset_reuse_L3,reset_reuse,level3,Optimize1qGatesDecomposition,2026-08-29T17:13:22.519774,29,0.0384,False,10,7,8,2,4,4,4,10,7,8,2,4,4,4,0,0,0,0,-1
reset_reuse_L3,reset_reuse,level3,CommutativeCancellation,2026-08-29T17:13:22.519863,30,0.0381,False,10,7,8,2,4,4,4,10,7,8,2,4,4,4,0,0,0,0,-1
reset_reuse_L3,reset_reuse,level3,ContractIdleWiresInControlFlow,2026-08-29T17:13:22.519906,31,0.0045,False,10,7,8,2,4,4,4,10,7,8,2,4,4,4,0,0,0,0,-1
reset_reuse_L3,reset_reuse,level3,GatesInBasis,2026-08-29T17:13:22.519947,32,0.0055,False,10,7,8,2,4,4,4,10,7,8,2,4,4,4,0,0,0,0,-1
reset_reuse_L3,reset_reuse,level3,Size,2026-08-29T17:13:22.519987,33,0.0048,False,10,7,8,2,4,4,4,10,7,8,2,4,4,4,0,0,0,0,-1
reset_reuse_L3,reset_reuse,level3,Depth,2026-08-29T17:13:22.520045,34,0.0052,False,10,7,8,2,4,4,4,10,7,8,2,4,4,4,0,0,0,0,-1
reset_reuse_L3,reset_reuse,level3,MinimumPoint,2026-08-29T17:13:22.520088,35,0.0081,False,10,7,8,2,4,4,4,10,7,8,2,4,4,4,0,0,0,0,-1
reset_reuse_L3,reset_reuse,level3,ContainsInstruction,2026-08-29T17:13:22.520136,36,0.0079,False,10,7,8,2,4,4,4,10,7,8,2,4,4,4,0,0,0,0,-1
no_classical_L0,no_classical,level0,ContainsInstruction,2026-08-29T17:13:22.523341,0,0.0167,False,4,4,1,3,2,4,0,4,4,1,3,2,4,0,0,0,0,0,14.12
no_classical_L0,no_classical,level0,UnitarySynthesis,2026-08-29T17:13:22.523424,1,0.0095,False,4,4,1,3,2,4,0,4,4,1,3,2,4,0,0,0,0,0,-1
no_classical_L0,no_classical,level0,HighLevelSynthesis,2026-08-29T17:13:22.523467,2,0.011,False,4,4,1,3,2,4,0,4,4,1,3,2,4,0,0,0,0,0,-1
no_classical_L0,no_classical,level0,BasisTranslator,2026-08-29T17:13:22.523662,3,0.1624,False,4,4,1,3,2,4,0,4,4,1,3,2,4,0,0,0,0,0,-1
no_classical_L0,no_classical,level0,ContainsInstruction,2026-08-29T17:13:22.523700,4,0.0067,False,4,4,1,3,2,4,0,4,4,1,3,2,4,0,0,0,0,0,-1
no_classical_L1,no_classical,level1,ContainsInstruction,2026-08-29T17:13:22.527497,0,0.0124,False,4,4,1,3,2,4,0,4,4,1,3,2,4,0,0,0,0,0,31.96
no_classical_L1,no_classical,level1,InverseCancellation,2026-08-29T17:13:22.527579,1,0.016,False,4,4,1,3,2,4,0,4,4,1,3,2,4,0,0,0,0,0,-1
no_classical_L1,no_classical,level1,ContractIdleWiresInControlFlow,2026-08-29T17:13:22.527626,2,0.0055,False,4,4,1,3,2,4,0,4,4,1,3,2,4,0,0,0,0,0,-1
no_classical_L1,no_classical,level1,UnitarySynthesis,2026-08-29T17:13:22.527661,3,0.0076,False,4,4,1,3,2,4,0,4,4,1,3,2,4,0,0,0,0,0,-1
no_classical_L1,no_classical,level1,HighLevelSynthesis,2026-08-29T17:13:22.527695,4,0.0083,False,4,4,1,3,2,4,0,4,4,1,3,2,4,0,0,0,0,0,-1
no_classical_L1,no_classical,level1,BasisTranslator,2026-08-29T17:13:22.527869,5,0.1409,False,4,4,1,3,2,4,0,4,4,1,3,2,4,0,0,0,0,0,-1
no_classical_L1,no_classical,level1,Size,2026-08-29T17:13:22.527904,6,0.0062,False,4,4,1,3,2,4,0,4,4,1,3,2,4,0,0,0,0,0,-1
no_classical_L1,no_classical,level1,Depth,2026-08-29T17:13:22.527933,7,0.005,False,4,4,1,3,2,4,0,4,4,1,3,2,4,0,0,0,0,0,-1
no_classical_L1,no_classical,level1,FixedPoint,2026-08-29T17:13:22.527969,8,0.01,False,4,4,1,3,2,4,0,4,4,1,3,2,4,0,0,0,0,0,-1
no_classical_L1,no_classical,level1,FixedPoint,2026-08-29T17:13:22.527997,9,0.0045,False,4,4,1,3,2,4,0,4,4,1,3,2,4,0,0,0,0,0,-1
no_classical_L1,no_classical,level1,Optimize1qGatesDecomposition,2026-08-29T17:13:22.528074,10,0.0305,False,4,4,1,3,2,4,0,4,4,1,3,2,4,0,0,0,0,0,-1
no_classical_L1,no_classical,level1,InverseCancellation,2026-08-29T17:13:22.528116,11,0.0072,False,4,4,1,3,2,4,0,4,4,1,3,2,4,0,0,0,0,0,-1
no_classical_L1,no_classical,level1,ContractIdleWiresInControlFlow,2026-08-29T17:13:22.528146,12,0.0038,False,4,4,1,3,2,4,0,4,4,1,3,2,4,0,0,0,0,0,-1
no_classical_L1,no_classical,level1,GatesInBasis,2026-08-29T17:13:22.528180,13,0.0067,False,4,4,1,3,2,4,0,4,4,1,3,2,4,0,0,0,0,0,-1
no_classical_L1,no_classical,level1,Size,2026-08-29T17:13:22.528210,14,0.0033,False,4,4,1,3,2,4,0,4,4,1,3,2,4,0,0,0,0,0,-1
no_classical_L1,no_classical,level1,Depth,2026-08-29T17:13:22.528236,15,0.0038,False,4,4,1,3,2,4,0,4,4,1,3,2,4,0,0,0,0,0,-1
no_classical_L1,no_classical,level1,FixedPoint,2026-08-29T17:13:22.528265,16,0.006,False,4,4,1,3,2,4,0,4,4,1,3,2,4,0,0,0,0,0,-1
no_classical_L1,no_classical,level1,FixedPoint,2026-08-29T17:13:22.528297,17,0.0048,False,4,4,1,3,2,4,0,4,4,1,3,2,4,0,0,0,0,0,-1
no_classical_L1,no_classical,level1,ContainsInstruction,2026-08-29T17:13:22.528328,18,0.0045,False,4,4,1,3,2,4,0,4,4,1,3,2,4,0,0,0,0,0,-1
no_classical_L2,no_classical,level2,ContainsInstruction,2026-08-29T17:13:22.533829,0,0.0126,False,4,4,1,3,2,4,0,4,4,1,3,2,4,0,0,0,0,0,50.38
no_classical_L2,no_classical,level2,UnitarySynthesis,2026-08-29T17:13:22.533903,1,0.0086,False,4,4,1,3,2,4,0,4,4,1,3,2,4,0,0,0,0,0,-1
no_classical_L2,no_classical,level2,HighLevelSynthesis,2026-08-29T17:13:22.533941,2,0.0072,False,4,4,1,3,2,4,0,4,4,1,3,2,4,0,0,0,0,0,-1
no_classical_L2,no_classical,level2,BasisTranslator,2026-08-29T17:13:22.533988,3,0.02,False,4,4,1,3,2,4,0,4,4,1,3,2,4,0,0,0,0,0,-1
no_classical_L2,no_classical,level2,ElidePermutations,2026-08-29T17:13:22.534036,4,0.0181,False,4,4,1,3,2,4,0,4,4,1,3,2,4,0,0,0,0,0,-1
no_classical_L2,no_classical,level2,RemoveDiagonalGatesBeforeMeasure,2026-08-29T17:13:22.534072,5,0.0088,False,4,4,1,3,2,4,0,4,4,1,3,2,4,0,0,0,0,0,-1
no_classical_L2,no_classical,level2,RemoveIdentityEquivalent,2026-08-29T17:13:22.534105,6,0.0088,False,4,4,1,3,2,4,0,4,4,1,3,2,4,0,0,0,0,0,-1
no_classical_L2,no_classical,level2,InverseCancellation,2026-08-29T17:13:22.534157,7,0.0122,False,4,4,1,3,2,4,0,4,4,1,3,2,4,0,0,0,0,0,-1
no_classical_L2,no_classical,level2,ContractIdleWiresInControlFlow,2026-08-29T17:13:22.534188,8,0.0048,False,4,4,1,3,2,4,0,4,4,1,3,2,4,0,0,0,0,0,-1
no_classical_L2,no_classical,level2,CommutativeCancellation,2026-08-29T17:13:22.534310,9,0.0896,False,4,4,1,3,2,4,0,4,4,1,3,2,4,0,0,0,0,0,-1
no_classical_L2,no_classical,level2,ConsolidateBlocks,2026-08-29T17:13:22.534427,10,0.0782,False,4,4,1,3,2,4,0,4,4,1,3,2,4,0,0,0,0,0,-1
no_classical_L2,no_classical,level2,Split2QUnitaries,2026-08-29T17:13:22.534460,11,0.0055,False,4,4,1,3,2,4,0,4,4,1,3,2,4,0,0,0,0,0,-1
no_classical_L2,no_classical,level2,UnitarySynthesis,2026-08-29T17:13:22.534491,12,0.0057,False,4,4,1,3,2,4,0,4,4,1,3,2,4,0,0,0,0,0,-1
no_classical_L2,no_classical,level2,HighLevelSynthesis,2026-08-29T17:13:22.534522,13,0.0062,False,4,4,1,3,2,4,0,4,4,1,3,2,4,0,0,0,0,0,-1
no_classical_L2,no_classical,level2,BasisTranslator,2026-08-29T17:13:22.534681,14,0.1273,False,4,4,1,3,2,4,0,4,4,1,3,2,4,0,0,0,0,0,-1
no_classical_L2,no_classical,level2,TwoQubitPeepholeOptimization,2026-08-29T17:13:22.534853,15,0.1349,False,4,4,1,3,2,4,0,4,4,1,3,2,4,0,0,0,0,0,-1
no_classical_L2,no_classical,level2,Size,2026-08-29T17:13:22.534903,16,0.0064,False,4,4,1,3,2,4,0,4,4,1,3,2,4,0,0,0,0,0,-1
no_classical_L2,no_classical,level2,Depth,2026-08-29T17:13:22.534934,17,0.0062,False,4,4,1,3,2,4,0,4,4,1,3,2,4,0,0,0,0,0,-1
no_classical_L2,no_classical,level2,FixedPoint,2026-08-29T17:13:22.534973,18,0.0143,False,4,4,1,3,2,4,0,4,4,1,3,2,4,0,0,0,0,0,-1
no_classical_L2,no_classical,level2,FixedPoint,2026-08-29T17:13:22.535000,19,0.0048,False,4,4,1,3,2,4,0,4,4,1,3,2,4,0,0,0,0,0,-1
no_classical_L2,no_classical,level2,RemoveIdentityEquivalent,2026-08-29T17:13:22.535060,20,0.0079,False,4,4,1,3,2,4,0,4,4,1,3,2,4,0,0,0,0,0,-1
no_classical_L2,no_classical,level2,Optimize1qGatesDecomposition,2026-08-29T17:13:22.535116,21,0.0243,False,4,4,1,3,2,4,0,4,4,1,3,2,4,0,0,0,0,0,-1
no_classical_L2,no_classical,level2,CommutativeCancellation,2026-08-29T17:13:22.535190,22,0.0401,False,4,4,1,3,2,4,0,4,4,1,3,2,4,0,0,0,0,0,-1
no_classical_L2,no_classical,level2,ContractIdleWiresInControlFlow,2026-08-29T17:13:22.535223,23,0.0038,False,4,4,1,3,2,4,0,4,4,1,3,2,4,0,0,0,0,0,-1
no_classical_L2,no_classical,level2,GatesInBasis,2026-08-29T17:13:22.535257,24,0.0088,False,4,4,1,3,2,4,0,4,4,1,3,2,4,0,0,0,0,0,-1
no_classical_L2,no_classical,level2,Size,2026-08-29T17:13:22.535293,25,0.0033,False,4,4,1,3,2,4,0,4,4,1,3,2,4,0,0,0,0,0,-1
no_classical_L2,no_classical,level2,Depth,2026-08-29T17:13:22.535318,26,0.0033,False,4,4,1,3,2,4,0,4,4,1,3,2,4,0,0,0,0,0,-1
no_classical_L2,no_classical,level2,FixedPoint,2026-08-29T17:13:22.535345,27,0.0057,False,4,4,1,3,2,4,0,4,4,1,3,2,4,0,0,0,0,0,-1
no_classical_L2,no_classical,level2,FixedPoint,2026-08-29T17:13:22.535370,28,0.0041,False,4,4,1,3,2,4,0,4,4,1,3,2,4,0,0,0,0,0,-1
no_classical_L2,no_classical,level2,ContainsInstruction,2026-08-29T17:13:22.535402,29,0.0069,False,4,4,1,3,2,4,0,4,4,1,3,2,4,0,0,0,0,0,-1
no_classical_L3,no_classical,level3,ContainsInstruction,2026-08-29T17:13:22.541595,0,0.0134,False,4,4,1,3,2,4,0,4,4,1,3,2,4,0,0,0,0,0,54.65
no_classical_L3,no_classical,level3,UnitarySynthesis,2026-08-29T17:13:22.541669,1,0.0086,False,4,4,1,3,2,4,0,4,4,1,3,2,4,0,0,0,0,0,-1
no_classical_L3,no_classical,level3,HighLevelSynthesis,2026-08-29T17:13:22.541709,2,0.0072,False,4,4,1,3,2,4,0,4,4,1,3,2,4,0,0,0,0,0,-1
no_classical_L3,no_classical,level3,BasisTranslator,2026-08-29T17:13:22.541764,3,0.0207,False,4,4,1,3,2,4,0,4,4,1,3,2,4,0,0,0,0,0,-1
no_classical_L3,no_classical,level3,ElidePermutations,2026-08-29T17:13:22.541800,4,0.0079,False,4,4,1,3,2,4,0,4,4,1,3,2,4,0,0,0,0,0,-1
no_classical_L3,no_classical,level3,RemoveDiagonalGatesBeforeMeasure,2026-08-29T17:13:22.541834,5,0.0079,False,4,4,1,3,2,4,0,4,4,1,3,2,4,0,0,0,0,0,-1
no_classical_L3,no_classical,level3,RemoveIdentityEquivalent,2026-08-29T17:13:22.541874,6,0.0095,False,4,4,1,3,2,4,0,4,4,1,3,2,4,0,0,0,0,0,-1
no_classical_L3,no_classical,level3,InverseCancellation,2026-08-29T17:13:22.541912,7,0.0126,False,4,4,1,3,2,4,0,4,4,1,3,2,4,0,0,0,0,0,-1
no_classical_L3,no_classical,level3,ContractIdleWiresInControlFlow,2026-08-29T17:13:22.541943,8,0.0055,False,4,4,1,3,2,4,0,4,4,1,3,2,4,0,0,0,0,0,-1
no_classical_L3,no_classical,level3,CommutativeCancellation,2026-08-29T17:13:22.542070,9,0.0925,False,4,4,1,3,2,4,0,4,4,1,3,2,4,0,0,0,0,0,-1
no_classical_L3,no_classical,level3,ConsolidateBlocks,2026-08-29T17:13:22.542190,10,0.0789,False,4,4,1,3,2,4,0,4,4,1,3,2,4,0,0,0,0,0,-1
no_classical_L3,no_classical,level3,Split2QUnitaries,2026-08-29T17:13:22.542224,11,0.0045,False,4,4,1,3,2,4,0,4,4,1,3,2,4,0,0,0,0,0,-1
no_classical_L3,no_classical,level3,UnitarySynthesis,2026-08-29T17:13:22.542254,12,0.0055,False,4,4,1,3,2,4,0,4,4,1,3,2,4,0,0,0,0,0,-1
no_classical_L3,no_classical,level3,HighLevelSynthesis,2026-08-29T17:13:22.542288,13,0.0062,False,4,4,1,3,2,4,0,4,4,1,3,2,4,0,0,0,0,0,-1
no_classical_L3,no_classical,level3,BasisTranslator,2026-08-29T17:13:22.542449,14,0.133,False,4,4,1,3,2,4,0,4,4,1,3,2,4,0,0,0,0,0,-1
no_classical_L3,no_classical,level3,Size,2026-08-29T17:13:22.542484,15,0.0062,False,4,4,1,3,2,4,0,4,4,1,3,2,4,0,0,0,0,0,-1
no_classical_L3,no_classical,level3,Depth,2026-08-29T17:13:22.542523,16,0.0052,False,4,4,1,3,2,4,0,4,4,1,3,2,4,0,0,0,0,0,-1
no_classical_L3,no_classical,level3,MinimumPoint,2026-08-29T17:13:22.542568,17,0.0138,False,4,4,1,3,2,4,0,4,4,1,3,2,4,0,0,0,0,0,-1
no_classical_L3,no_classical,level3,TwoQubitPeepholeOptimization,2026-08-29T17:13:22.542731,18,0.1142,False,4,4,1,3,2,4,0,4,4,1,3,2,4,0,0,0,0,0,-1
no_classical_L3,no_classical,level3,RemoveIdentityEquivalent,2026-08-29T17:13:22.542774,19,0.0074,False,4,4,1,3,2,4,0,4,4,1,3,2,4,0,0,0,0,0,-1
no_classical_L3,no_classical,level3,Optimize1qGatesDecomposition,2026-08-29T17:13:22.542825,20,0.0219,False,4,4,1,3,2,4,0,4,4,1,3,2,4,0,0,0,0,0,-1
no_classical_L3,no_classical,level3,CommutativeCancellation,2026-08-29T17:13:22.542897,21,0.0384,False,4,4,1,3,2,4,0,4,4,1,3,2,4,0,0,0,0,0,-1
no_classical_L3,no_classical,level3,ContractIdleWiresInControlFlow,2026-08-29T17:13:22.542932,22,0.0043,False,4,4,1,3,2,4,0,4,4,1,3,2,4,0,0,0,0,0,-1
no_classical_L3,no_classical,level3,GatesInBasis,2026-08-29T17:13:22.542969,23,0.0079,False,4,4,1,3,2,4,0,4,4,1,3,2,4,0,0,0,0,0,-1
no_classical_L3,no_classical,level3,Size,2026-08-29T17:13:22.543002,24,0.0043,False,4,4,1,3,2,4,0,4,4,1,3,2,4,0,0,0,0,0,-1
no_classical_L3,no_classical,level3,Depth,2026-08-29T17:13:22.543040,25,0.0057,False,4,4,1,3,2,4,0,4,4,1,3,2,4,0,0,0,0,0,-1
no_classical_L3,no_classical,level3,MinimumPoint,2026-08-29T17:13:22.543106,26,0.0384,False,4,4,1,3,2,4,0,4,4,1,3,2,4,0,0,0,0,0,-1
no_classical_L3,no_classical,level3,TwoQubitPeepholeOptimization,2026-08-29T17:13:22.543242,27,0.0951,False,4,4,1,3,2,4,0,4,4,1,3,2,4,0,0,0,0,0,-1
no_classical_L3,no_classical,level3,RemoveIdentityEquivalent,2026-08-29T17:13:22.543283,28,0.0048,False,4,4,1,3,2,4,0,4,4,1,3,2,4,0,0,0,0,0,-1
no_classical_L3,no_classical,level3,Optimize1qGatesDecomposition,2026-08-29T17:13:22.543321,29,0.0131,False,4,4,1,3,2,4,0,4,4,1,3,2,4,0,0,0,0,0,-1
no_classical_L3,no_classical,level3,CommutativeCancellation,2026-08-29T17:13:22.543382,30,0.0327,False,4,4,1,3,2,4,0,4,4,1,3,2,4,0,0,0,0,0,-1
no_classical_L3,no_classical,level3,ContractIdleWiresInControlFlow,2026-08-29T17:13:22.543444,31,0.0038,False,4,4,1,3,2,4,0,4,4,1,3,2,4,0,0,0,0,0,-1
no_classical_L3,no_classical,level3,GatesInBasis,2026-08-29T17:13:22.543496,32,0.0045,False,4,4,1,3,2,4,0,4,4,1,3,2,4,0,0,0,0,0,-1
no_classical_L3,no_classical,level3,Size,2026-08-29T17:13:22.543524,33,0.0036,False,4,4,1,3,2,4,0,4,4,1,3,2,4,0,0,0,0,0,-1
no_classical_L3,no_classical,level3,Depth,2026-08-29T17:13:22.543550,34,0.0043,False,4,4,1,3,2,4,0,4,4,1,3,2,4,0,0,0,0,0,-1
no_classical_L3,no_classical,level3,MinimumPoint,2026-08-29T17:13:22.543580,35,0.0076,False,4,4,1,3,2,4,0,4,4,1,3,2,4,0,0,0,0,0,-1
no_classical_L3,no_classical,level3,ContainsInstruction,2026-08-29T17:13:22.543621,36,0.0088,False,4,4,1,3,2,4,0,4,4,1,3,2,4,0,0,0,0,0,-1
