case_id,program,config,activity,timestamp,seq,duration_ms,mem_alloc_kb,mem_peak_kb,changed,failed,ops_before,depth_before,gates_1q_before,gates_2q_before,gate_types_before,params_before,mid_measures_before,wires_before,ops_after,depth_after,gates_1q_after,gates_2q_after,gate_types_after,params_after,mid_measures_after,wires_after,d_ops,d_depth,d_gates_1q,d_gates_2q,d_params
param_arithmetic_light,param_arithmetic,light,cancel_inverses,1970-01-01T19:17:15.272591,0,0.7833,20.13,20.98,False,False,11,5,8,3,3,8,0,4,11,5,8,3,3,8,0,4,0,0,0,0,0
param_arithmetic_light,param_arithmetic,light,merge_rotations,1970-01-01T19:17:15.274310,1,0.9692,20.4,20.96,False,False,11,5,8,3,3,8,0,4,11,5,8,3,3,8,0,4,0,0,0,0,0
param_arithmetic_medium,param_arithmetic,medium,cancel_inverses,1970-01-01T19:17:15.276507,0,0.5437,4.05,7.69,False,False,11,5,8,3,3,8,0,4,11,5,8,3,3,8,0,4,0,0,0,0,0
param_arithmetic_medium,param_arithmetic,medium,merge_rotations,1970-01-01T19:17:15.277667,1,0.8488,12.79,13.35,False,False,11,5,8,3,3,8,0,4,11,5,8,3,3,8,0,4,0,0,0,0,0
param_arithmetic_medium,param_arithmetic,medium,single_qubit_fusion,1970-01-01T19:17:15.279105,2,5.8551,34.27,38.81,True,False,11,5,8,3,3,8,0,4,7,4,4,3,2,12,0,4,-4,-1,-4,0,4
param_arithmetic_heavy,param_arithmetic,heavy,cancel_inverses,1970-01-01T19:17:15.287205,0,0.7796,4.47,8.1,False,False,11,5,8,3,3,8,0,4,11,5,8,3,3,8,0,4,0,0,0,0,0
param_arithmetic_heavy,param_arithmetic,heavy,merge_rotations,1970-01-01T19:17:15.288651,1,1.0397,9.67,10.23,False,False,11,5,8,3,3,8,0,4,11,5,8,3,3,8,0,4,0,0,0,0,0
param_arithmetic_heavy,param_arithmetic,heavy,single_qubit_fusion,1970-01-01T19:17:15.290347,2,4.1782,6.04,10.93,True,False,11,5,8,3,3,8,0,4,7,4,4,3,2,12,0,4,-4,-1,-4,0,4
param_arithmetic_heavy,param_arithmetic,heavy,commute_controlled,1970-01-01T19:17:15.295166,3,0.3416,5.54,7.67,False,False,7,4,4,3,2,12,0,4,7,4,4,3,2,12,0,4,0,0,0,0,0
param_arithmetic_heavy,param_arithmetic,heavy,undo_swaps,1970-01-01T19:17:15.295883,4,0.6224,21.86,23.49,False,False,7,4,4,3,2,12,0,4,7,4,4,3,2,12,0,4,0,0,0,0,0
param_arithmetic_heavy,param_arithmetic,heavy,cancel_inverses_2,1970-01-01T19:17:15.297102,5,0.4577,5.02,7.38,False,False,7,4,4,3,2,12,0,4,7,4,4,3,2,12,0,4,0,0,0,0,0
deep_arithmetic_light,deep_arithmetic,light,cancel_inverses,1970-01-01T19:17:15.298428,0,0.262,5.81,9.14,False,False,12,3,12,0,3,12,0,4,12,3,12,0,3,12,0,4,0,0,0,0,0
deep_arithmetic_light,deep_arithmetic,light,merge_rotations,1970-01-01T19:17:15.298986,1,0.8874,14.02,14.53,False,False,12,3,12,0,3,12,0,4,12,3,12,0,3,12,0,4,0,0,0,0,0
deep_arithmetic_medium,deep_arithmetic,medium,cancel_inverses,1970-01-01T19:17:15.300742,0,0.2415,1.08,4.85,False,False,12,3,12,0,3,12,0,4,12,3,12,0,3,12,0,4,0,0,0,0,0
deep_arithmetic_medium,deep_arithmetic,medium,merge_rotations,1970-01-01T19:17:15.301295,1,0.8121,10.73,11.29,False,False,12,3,12,0,3,12,0,4,12,3,12,0,3,12,0,4,0,0,0,0,0
deep_arithmetic_medium,deep_arithmetic,medium,single_qubit_fusion,1970-01-01T19:17:15.302572,2,6.0652,11.72,16.19,True,False,12,3,12,0,3,12,0,4,4,1,4,0,1,12,0,4,-8,-2,-8,0,0
deep_arithmetic_heavy,deep_arithmetic,heavy,cancel_inverses,1970-01-01T19:17:15.309571,0,0.2618,1.08,4.85,False,False,12,3,12,0,3,12,0,4,12,3,12,0,3,12,0,4,0,0,0,0,0
deep_arithmetic_heavy,deep_arithmetic,heavy,merge_rotations,1970-01-01T19:17:15.310086,1,0.694,11.25,11.75,False,False,12,3,12,0,3,12,0,4,12,3,12,0,3,12,0,4,0,0,0,0,0
deep_arithmetic_heavy,deep_arithmetic,heavy,single_qubit_fusion,1970-01-01T19:17:15.311210,2,6.4674,7.71,12.69,True,False,12,3,12,0,3,12,0,4,4,1,4,0,1,12,0,4,-8,-2,-8,0,0
deep_arithmetic_heavy,deep_arithmetic,heavy,commute_controlled,1970-01-01T19:17:15.318151,3,0.0988,1.08,2.01,False,False,4,1,4,0,1,12,0,4,4,1,4,0,1,12,0,4,0,0,0,0,0
deep_arithmetic_heavy,deep_arithmetic,heavy,undo_swaps,1970-01-01T19:17:15.318433,4,0.1118,3.3,4.23,False,False,4,1,4,0,1,12,0,4,4,1,4,0,1,12,0,4,0,0,0,0,0
deep_arithmetic_heavy,deep_arithmetic,heavy,cancel_inverses_2,1970-01-01T19:17:15.318725,5,0.0796,1.02,1.98,False,False,4,1,4,0,1,12,0,4,4,1,4,0,1,12,0,4,0,0,0,0,0
mid_measure_light,mid_measure,light,cancel_inverses,1970-01-01T19:17:15.319621,0,0.2199,5.2,6.45,False,False,5,3,3,2,3,-1,1,4,5,3,3,2,3,-1,1,4,0,0,0,0,0
mid_measure_light,mid_measure,light,merge_rotations,1970-01-01T19:17:15.320198,1,0.9215,110.03,110.43,False,False,5,3,3,2,3,-1,1,4,5,3,3,2,3,-1,1,4,0,0,0,0,0
mid_measure_medium,mid_measure,medium,cancel_inverses,1970-01-01T19:17:15.322850,0,0.1869,2.16,3.41,False,False,5,3,3,2,3,-1,1,4,5,3,3,2,3,-1,1,4,0,0,0,0,0
mid_measure_medium,mid_measure,medium,merge_rotations,1970-01-01T19:17:15.323334,1,0.061,1.74,2.09,False,False,5,3,3,2,3,-1,1,4,5,3,3,2,3,-1,1,4,0,0,0,0,0
mid_measure_medium,mid_measure,medium,single_qubit_fusion,1970-01-01T19:17:15.323649,2,0.9815,5.1,6.78,True,False,5,3,3,2,3,-1,1,4,6,4,3,2,4,-1,1,4,1,1,0,0,0
mid_measure_heavy,mid_measure,heavy,cancel_inverses,1970-01-01T19:17:15.325454,0,0.2519,2.67,3.92,False,False,5,3,3,2,3,-1,1,4,5,3,3,2,3,-1,1,4,0,0,0,0,0
mid_measure_heavy,mid_measure,heavy,merge_rotations,1970-01-01T19:17:15.326097,1,0.0714,2.18,2.52,False,False,5,3,3,2,3,-1,1,4,5,3,3,2,3,-1,1,4,0,0,0,0,0
mid_measure_heavy,mid_measure,heavy,single_qubit_fusion,1970-01-01T19:17:15.326452,2,0.9583,3.92,5.76,True,False,5,3,3,2,3,-1,1,4,6,4,3,2,4,-1,1,4,1,1,0,0,0
mid_measure_heavy,mid_measure,heavy,commute_controlled,1970-01-01T19:17:15.327840,3,0.1865,2.09,3.59,False,False,6,4,3,2,4,-1,1,4,6,4,3,2,4,-1,1,4,0,0,0,0,0
mid_measure_heavy,mid_measure,heavy,undo_swaps,1970-01-01T19:17:15.328331,4,0.4174,7.9,9.29,False,False,6,4,3,2,4,-1,1,4,6,4,3,2,4,-1,1,4,0,0,0,0,0
mid_measure_heavy,mid_measure,heavy,cancel_inverses_2,1970-01-01T19:17:15.329268,5,0.1988,2.67,4.29,False,False,6,4,3,2,4,-1,1,4,6,4,3,2,4,-1,1,4,0,0,0,0,0
conditional_light,conditional,light,cancel_inverses,1970-01-01T19:17:15.330713,0,0.1889,4.09,4.93,False,False,4,2,3,1,4,-1,2,3,4,2,3,1,4,-1,2,3,0,0,0,0,0
conditional_light,conditional,light,merge_rotations,1970-01-01T19:17:15.331226,1,0.0601,2.16,2.48,False,False,4,2,3,1,4,-1,2,3,4,2,3,1,4,-1,2,3,0,0,0,0,0
conditional_medium,conditional,medium,cancel_inverses,1970-01-01T19:17:15.331785,0,0.1589,1.86,2.7,False,False,4,2,3,1,4,-1,2,3,4,2,3,1,4,-1,2,3,0,0,0,0,0
conditional_medium,conditional,medium,merge_rotations,1970-01-01T19:17:15.332257,1,0.0673,1.73,2.04,False,False,4,2,3,1,4,-1,2,3,4,2,3,1,4,-1,2,3,0,0,0,0,0
conditional_medium,conditional,medium,single_qubit_fusion,1970-01-01T19:17:15.332626,2,0.7799,2.84,4.35,True,False,4,2,3,1,4,-1,2,3,5,3,3,1,5,-1,2,3,1,1,0,0,0
conditional_heavy,conditional,heavy,cancel_inverses,1970-01-01T19:17:15.334269,0,0.1543,1.86,2.7,False,False,4,2,3,1,4,-1,2,3,4,2,3,1,4,-1,2,3,0,0,0,0,0
conditional_heavy,conditional,heavy,merge_rotations,1970-01-01T19:17:15.334693,1,0.0644,1.18,1.49,False,False,4,2,3,1,4,-1,2,3,4,2,3,1,4,-1,2,3,0,0,0,0,0
conditional_heavy,conditional,heavy,single_qubit_fusion,1970-01-01T19:17:15.334982,2,0.5999,2.84,4.35,True,False,4,2,3,1,4,-1,2,3,5,3,3,1,5,-1,2,3,1,1,0,0,0
conditional_heavy,conditional,heavy,commute_controlled,1970-01-01T19:17:15.335975,3,0.1447,1.7,2.84,False,False,5,3,3,1,5,-1,2,3,5,3,3,1,5,-1,2,3,0,0,0,0,0
conditional_heavy,conditional,heavy,undo_swaps,1970-01-01T19:17:15.336380,4,0.3314,8.22,9.3,False,False,5,3,3,1,5,-1,2,3,5,3,3,1,5,-1,2,3,0,0,0,0,0
conditional_heavy,conditional,heavy,cancel_inverses_2,1970-01-01T19:17:15.337098,5,0.1556,1.88,3.07,False,False,5,3,3,1,5,-1,2,3,5,3,3,1,5,-1,2,3,0,0,0,0,0
feedforward_light,feedforward,light,cancel_inverses,1970-01-01T19:17:15.338143,0,0.3,2.63,5.29,False,False,9,4,8,1,5,-1,4,4,9,4,8,1,5,-1,4,4,0,0,0,0,0
feedforward_light,feedforward,light,merge_rotations,1970-01-01T19:17:15.338728,1,0.0673,2.21,2.62,False,False,9,4,8,1,5,-1,4,4,9,4,8,1,5,-1,4,4,0,0,0,0,0
feedforward_medium,feedforward,medium,cancel_inverses,1970-01-01T19:17:15.339412,0,0.2958,2.2,4.85,False,False,9,4,8,1,5,-1,4,4,9,4,8,1,5,-1,4,4,0,0,0,0,0
feedforward_medium,feedforward,medium,merge_rotations,1970-01-01T19:17:15.340027,1,0.07,1.77,2.18,False,False,9,4,8,1,5,-1,4,4,9,4,8,1,5,-1,4,4,0,0,0,0,0
feedforward_medium,feedforward,medium,single_qubit_fusion,1970-01-01T19:17:15.340371,2,1.8192,5.75,9.0,True,False,9,4,8,1,5,-1,4,4,10,5,8,1,6,-1,4,4,1,1,0,0,0
feedforward_heavy,feedforward,heavy,cancel_inverses,1970-01-01T19:17:15.343216,0,0.3145,2.36,4.85,False,False,9,4,8,1,5,-1,4,4,9,4,8,1,5,-1,4,4,0,0,0,0,0
feedforward_heavy,feedforward,heavy,merge_rotations,1970-01-01T19:17:15.343822,1,0.0686,1.77,2.18,False,False,9,4,8,1,5,-1,4,4,9,4,8,1,5,-1,4,4,0,0,0,0,0
feedforward_heavy,feedforward,heavy,single_qubit_fusion,1970-01-01T19:17:15.344164,2,1.4581,5.84,9.09,True,False,9,4,8,1,5,-1,4,4,10,5,8,1,6,-1,4,4,1,1,0,0,0
feedforward_heavy,feedforward,heavy,commute_controlled,1970-01-01T19:17:15.346061,3,0.2891,2.31,5.08,False,False,10,5,8,1,6,-1,4,4,10,5,8,1,6,-1,4,4,0,0,0,0,0
feedforward_heavy,feedforward,heavy,undo_swaps,1970-01-01T19:17:15.346648,4,0.4371,12.37,14.89,False,False,10,5,8,1,6,-1,4,4,10,5,8,1,6,-1,4,4,0,0,0,0,0
feedforward_heavy,feedforward,heavy,cancel_inverses_2,1970-01-01T19:17:15.347553,5,0.3104,2.23,5.29,False,False,10,5,8,1,6,-1,4,4,10,5,8,1,6,-1,4,4,0,0,0,0,0
cancelling_params_light,cancelling_params,light,cancel_inverses,1970-01-01T19:17:15.348781,0,0.3907,1.59,6.22,False,False,16,4,16,0,2,16,0,4,16,4,16,0,2,16,0,4,0,0,0,0,0
cancelling_params_light,cancelling_params,light,merge_rotations,1970-01-01T19:17:15.349544,1,1.4089,8.69,9.23,True,False,16,4,16,0,2,16,0,4,0,0,0,0,0,0,0,1,-16,-4,-16,0,-16
cancelling_params_medium,cancelling_params,medium,cancel_inverses,1970-01-01T19:17:15.351626,0,0.2959,1.11,6.2,False,False,16,4,16,0,2,16,0,4,16,4,16,0,2,16,0,4,0,0,0,0,0
cancelling_params_medium,cancelling_params,medium,merge_rotations,1970-01-01T19:17:15.352168,1,1.1486,7.39,8.16,True,False,16,4,16,0,2,16,0,4,0,0,0,0,0,0,0,1,-16,-4,-16,0,-16
cancelling_params_medium,cancelling_params,medium,single_qubit_fusion,1970-01-01T19:17:15.353526,2,0.141,1.45,1.79,False,False,0,0,0,0,0,0,0,1,0,0,0,0,0,0,0,1,0,0,0,0,0
cancelling_params_heavy,cancelling_params,heavy,cancel_inverses,1970-01-01T19:17:15.354120,0,0.2829,1.11,6.2,False,False,16,4,16,0,2,16,0,4,16,4,16,0,2,16,0,4,0,0,0,0,0
cancelling_params_heavy,cancelling_params,heavy,merge_rotations,1970-01-01T19:17:15.354621,1,1.1242,7.39,8.22,True,False,16,4,16,0,2,16,0,4,0,0,0,0,0,0,0,1,-16,-4,-16,0,-16
cancelling_params_heavy,cancelling_params,heavy,single_qubit_fusion,1970-01-01T19:17:15.355939,2,0.0825,1.2,1.54,False,False,0,0,0,0,0,0,0,1,0,0,0,0,0,0,0,1,0,0,0,0,0
cancelling_params_heavy,cancelling_params,heavy,commute_controlled,1970-01-01T19:17:15.356136,3,0.0249,0.98,1.16,False,False,0,0,0,0,0,0,0,1,0,0,0,0,0,0,0,1,0,0,0,0,0
cancelling_params_heavy,cancelling_params,heavy,undo_swaps,1970-01-01T19:17:15.356265,4,0.0429,1.33,1.73,False,False,0,0,0,0,0,0,0,1,0,0,0,0,0,0,0,1,0,0,0,0,0
cancelling_params_heavy,cancelling_params,heavy,cancel_inverses_2,1970-01-01T19:17:15.356416,5,0.0221,0.98,1.16,False,False,0,0,0,0,0,0,0,1,0,0,0,0,0,0,0,1,0,0,0,0,0
no_classical_light,no_classical,light,cancel_inverses,1970-01-01T19:17:15.357058,0,0.3053,2.91,4.07,False,False,4,4,1,3,2,0,0,4,4,4,1,3,2,0,0,4,0,0,0,0,0
no_classical_light,no_classical,light,merge_rotations,1970-01-01T19:17:15.357815,1,0.0696,1.62,1.93,False,False,4,4,1,3,2,0,0,4,4,4,1,3,2,0,0,4,0,0,0,0,0
no_classical_medium,no_classical,medium,cancel_inverses,1970-01-01T19:17:15.358490,0,0.2739,2.91,4.07,False,False,4,4,1,3,2,0,0,4,4,4,1,3,2,0,0,4,0,0,0,0,0
no_classical_medium,no_classical,medium,merge_rotations,1970-01-01T19:17:15.359117,1,0.0529,1.18,1.49,False,False,4,4,1,3,2,0,0,4,4,4,1,3,2,0,0,4,0,0,0,0,0
no_classical_medium,no_classical,medium,single_qubit_fusion,1970-01-01T19:17:15.359459,2,0.6411,3.05,4.98,True,False,4,4,1,3,2,0,0,4,5,5,1,3,3,4,0,4,1,1,0,0,4
no_classical_heavy,no_classical,heavy,cancel_inverses,1970-01-01T19:17:15.360790,0,0.2882,2.91,4.07,False,False,4,4,1,3,2,0,0,4,4,4,1,3,2,0,0,4,0,0,0,0,0
no_classical_heavy,no_classical,heavy,merge_rotations,1970-01-01T19:17:15.361470,1,0.0622,1.18,1.49,False,False,4,4,1,3,2,0,0,4,4,4,1,3,2,0,0,4,0,0,0,0,0
no_classical_heavy,no_classical,heavy,single_qubit_fusion,1970-01-01T19:17:15.361821,2,0.6219,2.99,4.92,True,False,4,4,1,3,2,0,0,4,5,5,1,3,3,4,0,4,1,1,0,0,4
no_classical_heavy,no_classical,heavy,commute_controlled,1970-01-01T19:17:15.362810,3,0.1431,2.1,3.55,False,False,5,5,1,3,3,4,0,4,5,5,1,3,3,4,0,4,0,0,0,0,0
no_classical_heavy,no_classical,heavy,undo_swaps,1970-01-01T19:17:15.363302,4,0.4895,8.34,9.85,False,False,5,5,1,3,3,4,0,4,5,5,1,3,3,4,0,4,0,0,0,0,0
no_classical_heavy,no_classical,heavy,cancel_inverses_2,1970-01-01T19:17:15.364273,5,0.2757,2.77,4.44,False,False,5,5,1,3,3,4,0,4,5,5,1,3,3,4,0,4,0,0,0,0,0
